StopLoss,StopProfit,StartProfit,OpenCriteria,FollowTrend,Result
0.032,0.03,0.127,0.010,False,1.7853741720842642656273963098
0.033,0.03,0.127,0.010,False,1.7559599544700230125460879633
0.016,0,0.107,0.001,False,1.7461525112014929306372388609
