StopLoss,StopProfit,StartProfit,OpenCriteria,FollowTrend,Result
0.017,0.04,0.043,0.003,False,1.3445139024160250255363264595
0.018,0.04,0.043,0.003,False,1.3341210485278730310008393300
0.017,0.05,0.044,0.010,False,1.3284407384081676263287177196
