StopLoss,StopProfit,StartProfit,OpenCriteria,FollowTrend,Result
0.019,0.01,0.046,0.007,False,1.6370568983328361887071070117
0.021,0.01,0.047,0.008,False,1.6228539995789779365146646159
0.021,0.01,0.046,0.008,False,1.6116755995849290015142941754
