StopLoss,StopProfit,StartProfit,OpenCriteria,FollowTrend,Result
0.013,0.21,0.031,0.003,False,1.4528619501896491189899151420
0.014,0.12,0.049,0.003,False,1.3783602785517883504327838340
0.007,0.24,0.030,0.013,False,1.3654007209976703815627826283
