StopLoss,StopProfit,StartProfit,OpenCriteria,FollowTrend,Result
0.020,0.02,0.069,0.003,False,1.4445440240892755345491005309
0.020,0.01,0.070,0.004,False,1.4284685749026533679619934623
0.017,0.03,0.046,0.002,False,1.4194062742038006005728981116
