StopLoss,StopProfit,StartProfit,OpenCriteria,FollowTrend,Result
0.016,0.02,0.046,0.002,False,1.4222317372376249525309964545
0.017,0.03,0.046,0.002,False,1.3950904242181618548302647056
0.016,0.02,0.045,0.002,False,1.3917592831968337406950661250
