StopLoss,StopProfit,StartProfit,OpenCriteria,FollowTrend,Result
0.010,0.10,0.032,0.006,False,1.5163356628971522665696750561
0.011,0.13,0.031,0.006,False,1.4769920979951542252889716141
0.010,0.12,0.032,0.006,False,1.4600572105356271004597446793
