StopLoss,StopProfit,StartProfit,OpenCriteria,FollowTrend,Result
0.009,0.28,0.034,0.013,False,1.3114218853362059083823099877
0.003,0.27,0.049,0.012,False,1.2967783483609440986190413678
0.003,0.27,0.047,0.012,False,1.2848188707953595561790963786
0.003,0.27,0.048,0.012,False,1.2848188707953595561790963786
