StopLoss,StopProfit,StartProfit,OpenCriteria,FollowTrend,Result
0.021,0.01,0.047,0.008,False,1.6751896682607235103671349072
0.021,0.01,0.046,0.008,False,1.6640112682666745753667644667
0.019,0.01,0.046,0.007,False,1.6359899024485626557174855065
