StopLoss,StopProfit,StartProfit,OpenCriteria,FollowTrend,Result
0.026,0,0.128,0.013,False,1.7620285249047764202321667838
0.026,0,0.128,0.012,False,1.7555582637996005608469134886
0.026,0,0.128,0.011,False,1.6630830911305824708194965395
