StopLoss,StopProfit,StartProfit,OpenCriteria,FollowTrend,Result
0.002,0.26,0.036,0.013,False,1.5964158744672085854041232228
0.037,0.02,0.058,0.010,False,1.5501670133505546510548044460
0.037,0.01,0.058,0.010,False,1.5465927314508777130406184365
