StopLoss,StopProfit,StartProfit,OpenCriteria,FollowTrend,Result
0.004,0.06,0.078,0.011,False,1.4073321134455100039034953759
0.004,0.05,0.077,0.011,False,1.3887471361453205106303221939
0.004,0.07,0.078,0.011,False,1.3840637436972577645973031488
