StopLoss,StopProfit,StartProfit,OpenCriteria,FollowTrend,Result
0.003,0.27,0.047,0.012,False,1.3330796440076524734575218060
0.009,0.28,0.034,0.013,False,1.2538415277064289591606390184
0.019,0.18,0.045,0.007,False,1.2357567718532657788780075972
