StopLoss,StopProfit,StartProfit,OpenCriteria,FollowTrend,Result
0.017,0.03,0.046,0.002,False,1.4217073396410474269695681882
0.017,0.03,0.046,0.005,False,1.4120843567353969978773788078
0.016,0.02,0.047,0.002,False,1.3728022355178207730304577500
