StopLoss,StopProfit,StartProfit,OpenCriteria,FollowTrend,Result
0.016,0,0.107,0.001,False,1.7461525112014929306372388609
0.017,0,0.107,0.001,False,1.7021908406709129982606664488
0.018,0,0.107,0.001,False,1.6865120628269269542206424116
