StopLoss,StopProfit,StartProfit,OpenCriteria,FollowTrend,Result
0.021,0.01,0.047,0.008,False,1.7632476574836446630781578858
0.021,0.01,0.046,0.008,False,1.7520692574895957280777874453
0.025,0.09,0.049,0.009,False,1.7438468221032552497594711052
