StopLoss,StopProfit,StartProfit,OpenCriteria,FollowTrend,Result
0.010,0.10,0.032,0.006,False,1.4757727752038758194759561231
0.011,0.13,0.031,0.006,False,1.4353146331170340678244813375
0.010,0.12,0.032,0.006,False,1.4200788367711726778407936243
