StopLoss,StopProfit,StartProfit,OpenCriteria,FollowTrend,Result
0.025,0.09,0.049,0.009,False,1.9778472479380238454902428113
0.025,0.09,0.049,0.007,False,1.9725242151051580562476879735
0.025,0.09,0.050,0.007,False,1.9725242151051580562476879735
0.025,0.09,0.049,0.008,False,1.9172603291136003252992363520
