StopLoss,StopProfit,StartProfit,OpenCriteria,FollowTrend,Result
0.018,0.28,0.053,0.005,False,1.2456561436247052404894601884
0.016,0.30,0.052,0.005,False,1.2447029549895995705721641234
0.027,0.23,0.054,0.013,True,1.2352343607865190164185780718
0.027,0.23,0.055,0.013,True,1.2352343607865190164185780718
0.027,0.23,0.056,0.013,True,1.2352343607865190164185780718
