StopLoss,StopProfit,StartProfit,OpenCriteria,FollowTrend,Result
0.029,0.02,0.125,0.002,False,1.8484434907264149934454600480
0.030,0.02,0.124,0.002,False,1.8197260340035062249611147427
0.030,0.02,0.124,0.001,False,1.8047623480007783304367093781
