StopLoss,StopProfit,StartProfit,OpenCriteria,FollowTrend,Result
0.019,0.01,0.046,0.007,False,1.7078128337268352329371820921
0.021,0.01,0.047,0.008,False,1.7009634849534851627819247422
0.021,0.01,0.046,0.008,False,1.6897850849594362277815543017
