StopLoss,StopProfit,StartProfit,OpenCriteria,FollowTrend,Result
0.022,0.11,0.067,0.005,False,1.7130043866155215544029572740
0.006,0,0.052,0.025,False,1.6968199815580495208976471832
0.006,0,0.053,0.025,False,1.6968199815580495208976471832
0.023,0.11,0.066,0.005,False,1.6858037818752276833424517818
0.023,0.11,0.067,0.005,False,1.6858037818752276833424517818
