StopLoss,StopProfit,StartProfit,OpenCriteria,FollowTrend,Result
0.038,0.01,0.074,0.012,False,1.9108974527581378884031206786
0.038,0.01,0.074,0.011,False,1.9028186758880761525849832139
0.040,0.02,0.073,0.011,False,1.7786987689971466922979353390
