StopLoss,StopProfit,StartProfit,OpenCriteria,FollowTrend,Result
0.013,0.03,0.079,0.015,True,1.7190067661529541383060714933
0.013,0.03,0.077,0.015,True,1.7170398401523787688457592585
0.013,0.03,0.078,0.015,True,1.7170398401523787688457592585
0.015,0.05,0.076,0.017,True,1.7031543530363998003648920736
