StopLoss,StopProfit,StartProfit,OpenCriteria,FollowTrend,Result
0.022,0.11,0.067,0.005,False,1.4576125738514076155522133432
0.023,0.11,0.066,0.005,False,1.4360626801862294164915725772
0.023,0.11,0.067,0.005,False,1.4360626801862294164915725772
0.020,0.16,0.066,0.007,False,1.4175983267116330125519745258
0.020,0.16,0.067,0.007,False,1.4175983267116330125519745258
0.020,0.16,0.068,0.007,False,1.4175983267116330125519745258
0.020,0.16,0.069,0.007,False,1.4175983267116330125519745258
0.020,0.16,0.070,0.007,False,1.4175983267116330125519745258
