StopLoss,StopProfit,StartProfit,OpenCriteria,FollowTrend,Result
0.038,0,0.087,0.023,False,1.8685100331753428924116513457
0.015,0,0.083,0.016,True,1.8601130602338181248092527723
0.027,0,0.084,0.012,False,1.8404975625856792499502822682
