StopLoss,StopProfit,StartProfit,OpenCriteria,FollowTrend,Result
0.013,0.08,0.080,0.011,True,1.7441677382219225293413702993
0.040,0,0.059,0.005,False,1.7263657170518561830760388814
0.040,0,0.060,0.005,False,1.7263657170518561830760388814
0.016,0.08,0.077,0.023,False,1.7101326100430116770429106102
