StopLoss,StopProfit,StartProfit,OpenCriteria,FollowTrend,Result
0.026,0.03,0.086,0.001,True,1.8544860871901952069901699719
0.013,0.05,0.085,0.016,True,1.8433182195638243695204291588
0.015,0.05,0.084,0.017,True,1.8402756298704388952470064082
