StopLoss,StopProfit,StartProfit,OpenCriteria,FollowTrend,Result
0.040,0.07,0.092,0.026,False,2.0800847007046107036534670997
0.040,0.07,0.092,0.023,False,2.0415160363413555799039087400
0.040,0.07,0.092,0.024,False,2.0393896260051649290126432765
