StopLoss,StopProfit,StartProfit,OpenCriteria,FollowTrend,Result
0.023,0.12,0.072,0.009,True,1.6594165117612465779936949112
0.025,0.14,0.071,0.012,True,1.6568228713622294670920513613
0.020,0.14,0.071,0.012,True,1.6221780052529753154392547567
