StopLoss,StopProfit,StartProfit,OpenCriteria,FollowTrend,Result
0.024,0.06,0.081,0.002,True,1.8074628763026268019559325403
0.040,0.01,0.098,0.024,False,1.8056600362788801822847749277
0.040,0.03,0.096,0.024,False,1.7995188889101211446235248895
