StopLoss,StopProfit,StartProfit,OpenCriteria,FollowTrend,Result
0.035,0.01,0.033,0.020,False,1.4713534296404998232749575221
0.035,0.01,0.033,0.017,False,1.4518140205954466217233453416
0.035,0.01,0.033,0.016,False,1.4464221961860631900863242868
