StopLoss,StopProfit,StartProfit,OpenCriteria,FollowTrend,Result
0.023,0.12,0.072,0.009,True,1.5916509248820086782145058308
0.025,0.14,0.071,0.012,True,1.5751577595311278617954256388
0.020,0.14,0.071,0.012,True,1.5507282538281046957049200430
