StopLoss,StopProfit,StartProfit,OpenCriteria,FollowTrend,Result
0.013,0.03,0.079,0.015,True,1.7253745029531663961994119019
0.013,0.03,0.077,0.015,True,1.7234075769525910267390996671
0.013,0.03,0.078,0.015,True,1.7234075769525910267390996671
0.015,0.05,0.076,0.017,True,1.7095237797879921570527901628
