StopLoss,StopProfit,StartProfit,OpenCriteria,FollowTrend,Result
0.022,0.11,0.067,0.005,False,1.4641025684430787891595686704
0.023,0.11,0.066,0.005,False,1.4425526747779005900989279044
0.023,0.11,0.067,0.005,False,1.4425526747779005900989279044
0.020,0.16,0.066,0.007,False,1.4240760595051552797584522586
0.020,0.16,0.067,0.007,False,1.4240760595051552797584522586
0.020,0.16,0.068,0.007,False,1.4240760595051552797584522586
0.020,0.16,0.069,0.007,False,1.4240760595051552797584522586
0.020,0.16,0.070,0.007,False,1.4240760595051552797584522586
