StopLoss,StopProfit,StartProfit,OpenCriteria,FollowTrend,Result
0.023,0.12,0.072,0.009,True,1.8983913710444938509955308160
0.020,0.14,0.072,0.012,True,1.8073627071977450529064737897
0.020,0.13,0.072,0.012,True,1.7887621909587806882707078852
