StopLoss,StopProfit,StartProfit,OpenCriteria,FollowTrend,Result
0.025,0.02,0.107,0.032,False,1.3030569767356335811841730632
0.025,0.02,0.108,0.032,False,1.3030569767356335811841730632
0.025,0.02,0.109,0.032,False,1.2876139983975325008352308869
0.026,0.02,0.108,0.032,False,1.2826473965493308636323169607
