StopLoss,StopProfit,StartProfit,OpenCriteria,FollowTrend,Result
0.023,0.12,0.072,0.009,True,2.0919194210314220116874867189
0.023,0.13,0.074,0.010,True,1.9983442253967990396491669646
0.020,0.14,0.072,0.012,True,1.9542142734905338769094069621
