StopLoss,StopProfit,StartProfit,OpenCriteria,FollowTrend,Result
0.006,0,0.053,0.025,False,1.8342396059835831597129772926
0.036,0.13,0.061,0.024,False,1.7852623981411688765817171197
0.036,0.13,0.062,0.024,False,1.7852623981411688765817171197
0.015,0.11,0.069,0.012,False,1.7628349754236068134558142122
0.015,0.11,0.070,0.012,False,1.7628349754236068134558142122
