StopLoss,StopProfit,StartProfit,OpenCriteria,FollowTrend,Result
0.039,0.16,0.021,0.008,True,1.4695933152071733302686830828
0.039,0.18,0.021,0.010,False,1.4616686355735798751226834995
0.039,0.16,0.021,0.028,False,1.4555107835301345835211045096
