StopLoss,StopProfit,StartProfit,OpenCriteria,FollowTrend,Result
0.040,0.26,0.078,0.014,True,1.5900377645305736505206276901
0.040,0.26,0.079,0.014,True,1.5893024687621636430462427500
0.040,0.26,0.080,0.014,True,1.5893024687621636430462427500
0.040,0.26,0.077,0.015,True,1.5830777319869338298477299878
0.040,0.26,0.078,0.015,True,1.5830777319869338298477299878
