StopLoss,StopProfit,StartProfit,OpenCriteria,FollowTrend,Result
0.013,0.04,0.079,0.015,True,2.1799730832554559440479579366
0.015,0.04,0.079,0.016,True,2.0925111616543305274593535140
0.014,0.04,0.079,0.016,True,2.0810303639692431013406356082
