StopLoss,StopProfit,StartProfit,OpenCriteria,FollowTrend,Result
0.019,0.14,0.081,0.024,False,3.0887517574865310910250009220
0.019,0.14,0.082,0.024,False,3.0887517574865310910250009220
0.020,0.14,0.082,0.023,False,2.9973125415230200298566192819
0.019,0.14,0.083,0.024,False,2.9931580171139424060326482257
