StopLoss,StopProfit,StartProfit,OpenCriteria,FollowTrend,Result
0.015,0.09,0.102,0.027,False,2.6546988508623962411330891714
0.030,0.02,0.104,0.032,False,2.6454931724688078046185258286
0.030,0.02,0.105,0.032,False,2.6454931724688078046185258286
0.030,0.02,0.106,0.032,False,2.6454931724688078046185258286
0.030,0.02,0.107,0.032,False,2.6454931724688078046185258286
0.030,0.02,0.108,0.032,False,2.6450696026293154873228811678
