StopLoss,StopProfit,StartProfit,OpenCriteria,FollowTrend,Result
0.016,0.01,0.039,0.018,False,2.1060575899661659854378580329
0.016,0.02,0.039,0.018,False,2.0515509893450846265978728882
0.013,0,0.077,0.015,False,2.0225224961713791784181284192
