StopLoss,StopProfit,StartProfit,OpenCriteria,FollowTrend,Result
0.005,0.23,0.157,0.004,False,3.1905939796534493458575576678
0.005,0.23,0.158,0.004,False,3.1905939796534493458575576678
0.005,0.23,0.159,0.004,False,3.1905939796534493458575576678
0.005,0.23,0.160,0.004,False,3.1905939796534493458575576678
0.016,0.03,0.158,0.015,False,3.1854175277162627131499559464
0.005,0.23,0.155,0.004,False,3.1848012729049219822420553453
0.005,0.23,0.156,0.004,False,3.1848012729049219822420553453
