StopLoss,StopProfit,StartProfit,OpenCriteria,FollowTrend,Result
0.018,0.13,0.026,0.005,False,1.4156364922719387375737635090
0.018,0.14,0.026,0.005,False,1.4146152119486951352589388358
0.018,0.12,0.026,0.005,False,1.4113154451210130879027212451
