StopLoss,StopProfit,StartProfit,OpenCriteria,FollowTrend,Result
0.019,0.02,0.120,0.024,False,3.0234991707079403249731284004
0.019,0.01,0.120,0.024,False,3.0028648687542374669583576414
0.020,0.01,0.120,0.024,False,2.9290406454493069471940764662
