StopLoss,StopProfit,StartProfit,OpenCriteria,FollowTrend,Result
0.012,0.02,0.149,0.004,False,3.3747084118401929289124362333
0.012,0.02,0.150,0.004,False,3.3747084118401929289124362333
0.014,0.03,0.148,0.027,False,3.3511767848788717176931315662
0.014,0.03,0.149,0.027,False,3.3511767848788717176931315662
0.014,0.03,0.150,0.027,False,3.3511767848788717176931315662
0.014,0.02,0.148,0.027,False,3.3385222168100099403307327840
0.014,0.02,0.149,0.027,False,3.3385222168100099403307327840
0.014,0.02,0.150,0.027,False,3.3385222168100099403307327840
