StopLoss,StopProfit,StartProfit,OpenCriteria,FollowTrend,Result
0.018,0.14,0.117,0.021,False,2.8232871857537514357128214430
0.016,0.14,0.118,0.026,False,2.8048388803935449091828729157
0.012,0.01,0.117,0.023,False,2.7965211413911571841433243348
