StopLoss,StopProfit,StartProfit,OpenCriteria,FollowTrend,Result
0.020,0.14,0.079,0.023,False,3.1112077047610346060680665018
0.019,0.14,0.078,0.024,False,3.0090156606021339067262367801
0.019,0.14,0.079,0.024,False,2.9925322175983705933983084421
