StopLoss,StopProfit,StartProfit,OpenCriteria,FollowTrend,Result
0.038,0.20,0.024,0.031,False,1.5630316896912208984603719081
0.038,0.20,0.024,0.030,False,1.5540749831625674680557200171
0.037,0.20,0.024,0.031,False,1.5436583324242842809659742085
