StopLoss,StopProfit,StartProfit,OpenCriteria,FollowTrend,Result
0.037,0.01,0.041,0.031,True,1.7760352056184305942251096807
0.010,0.01,0.032,0.019,False,1.7524103596846397495157381589
0.012,0.01,0.031,0.019,False,1.7410933981524932196814409843
