StopLoss,StopProfit,StartProfit,OpenCriteria,FollowTrend,Result
0.016,0,0.043,0.019,False,1.6729071524808715827024167141
0.016,0,0.041,0.019,False,1.6271092034603573276210466174
0.015,0,0.043,0.019,False,1.5730404895951085316391858871
