StopLoss,StopProfit,StartProfit,OpenCriteria,FollowTrend,Result
0.033,0,0.042,0.026,True,2.0303383238515504479840168138
0.037,0.01,0.041,0.031,True,1.9815708174922480029845151041
0.034,0,0.042,0.026,True,1.9666964026299544297944676951
