StopLoss,StopProfit,StartProfit,OpenCriteria,FollowTrend,Result
0.015,0.01,0.039,0.018,False,2.0537275138757360980361757609
0.038,0.01,0.041,0.031,True,2.0463015005703469146981038962
0.016,0.01,0.039,0.018,False,2.0354567173905479490551098842
