StopLoss,StopProfit,StartProfit,OpenCriteria,FollowTrend,Result
0.013,0.03,0.034,0.005,False,1.6833968554768732927959238617
0.013,0.04,0.034,0.005,False,1.6832662471417986897507256960
0.030,0.01,0.040,0.019,True,1.6733180771083353617406519848
