StopLoss,StopProfit,StartProfit,OpenCriteria,FollowTrend,Result
0.011,0,0.150,0.027,False,3.0415701875423201254524416405
0.012,0,0.150,0.004,False,3.0160181430095019062647313732
0.013,0,0.150,0.027,False,2.9968761689434359942476328028
