StopLoss,StopProfit,StartProfit,OpenCriteria,FollowTrend,Result
0.016,0,0.043,0.019,False,1.9276946769195872689185793315
0.016,0,0.043,0.021,False,1.8636606460451171272784541614
0.016,0,0.041,0.019,False,1.7807870090707711632725591514
