StopLoss,StopProfit,StartProfit,OpenCriteria,FollowTrend,Result
0.012,0.02,0.149,0.004,False,3.2890376924141567494790450573
0.012,0.02,0.150,0.004,False,3.2890376924141567494790450573
0.012,0.02,0.148,0.004,False,3.2462880447267699456308839367
0.011,0.02,0.149,0.004,False,3.0617106539206102130843019806
