StopLoss,StopProfit,StartProfit,OpenCriteria,FollowTrend,Result
0.012,0.01,0.117,0.023,False,2.8288602308731038089470919957
0.011,0.01,0.118,0.023,False,2.8194973824940022803980786643
0.012,0.01,0.116,0.023,False,2.7990249576630226947424157302
