StopLoss,StopProfit,StartProfit,OpenCriteria,FollowTrend,Result
0.038,0.01,0.041,0.031,True,1.9462754857620034726775676317
0.034,0,0.043,0.030,True,1.9314058465208271398637460462
0.034,0,0.042,0.030,True,1.9273812506797978404722001065
