StopLoss,StopProfit,StartProfit,OpenCriteria,FollowTrend,Result
0.018,0.12,0.063,0.021,False,2.7202717507131772192535846116
0.010,0.08,0.062,0.020,False,2.7068231099174811648245241579
0.018,0.13,0.063,0.021,False,2.6955517432184928930858207613
