StopLoss,StopProfit,StartProfit,OpenCriteria,FollowTrend,Result
0.019,0.14,0.081,0.024,False,3.0695024793344617936236534725
0.019,0.14,0.082,0.024,False,3.0695024793344617936236534725
0.020,0.14,0.082,0.023,False,2.9780694369688186186956186405
0.019,0.14,0.083,0.024,False,2.9739087389618731086313007762
