StopLoss,StopProfit,StartProfit,OpenCriteria,FollowTrend,Result
0.009,0.01,0.032,0.019,False,1.7357871986483477004440822726
0.010,0.01,0.032,0.019,False,1.6807080337849132633860986750
0.013,0.05,0.035,0.019,False,1.6423200373011990753498244263
