StopLoss,StopProfit,StartProfit,OpenCriteria,FollowTrend,Result
0.012,0.02,0.151,0.004,False,3.0852319715739651849825461447
0.012,0.02,0.152,0.004,False,3.0852319715739651849825461447
0.005,0.16,0.154,0.004,False,3.0635638185793175567699251109
0.005,0.16,0.155,0.004,False,3.0635638185793175567699251109
0.012,0.02,0.153,0.004,False,3.0159546715981341193961782099
