StopLoss,StopProfit,StartProfit,OpenCriteria,FollowTrend,Result
0.033,0.02,0.023,0.016,False,1.9010024911756623417876310368
0.032,0.02,0.023,0.017,False,1.8723231883134999613598577384
0.032,0.02,0.023,0.016,False,1.8677052130508422020026689501
