StopLoss,StopProfit,StartProfit,OpenCriteria,FollowTrend,Result
0.012,0.02,0.149,0.004,False,3.3720550121718678874530664158
0.012,0.02,0.150,0.004,False,3.3720550121718678874530664158
0.014,0.03,0.148,0.027,False,3.3535105071659195590000160469
0.014,0.03,0.149,0.027,False,3.3535105071659195590000160469
0.014,0.03,0.150,0.027,False,3.3535105071659195590000160469
0.014,0.02,0.148,0.027,False,3.3408559390970577816376172647
0.014,0.02,0.149,0.027,False,3.3408559390970577816376172647
0.014,0.02,0.150,0.027,False,3.3408559390970577816376172647
