StopLoss,StopProfit,StartProfit,OpenCriteria,FollowTrend,Result
0.039,0.01,0.022,0.016,False,1.4793418600976189166455406470
0.039,0.01,0.022,0.026,False,1.4520972915863788149419880567
0.039,0.02,0.022,0.026,False,1.4467631027175833094364135838
