StopLoss,StopProfit,StartProfit,OpenCriteria,FollowTrend,Result
0.027,0.01,0.033,0.015,False,1.7922877011169434742043502015
0.028,0.01,0.033,0.015,False,1.7831539129147781111653251235
0.016,0.07,0.026,0.007,False,1.7181118069743421584170865253
