StopLoss,StopProfit,StartProfit,OpenCriteria,FollowTrend,Result
0.016,0.01,0.039,0.018,False,2.1444687397919499575632935730
0.016,0.02,0.039,0.018,False,2.0899621391708685987233084283
0.016,0.01,0.038,0.018,False,2.0364457109843598147790439761
