StopLoss,StopProfit,StartProfit,OpenCriteria,FollowTrend,Result
0.013,0,0.077,0.015,False,2.0217986452846618421893915390
0.021,0.01,0.072,0.015,False,1.9337186564409460184495906241
0.022,0,0.073,0.015,False,1.8990373840062449135885614575
