StopLoss,StopProfit,StartProfit,OpenCriteria,FollowTrend,Result
0.020,0.17,0.042,0.019,False,1.8009637899780730826987703641
0.017,0.04,0.043,0.019,False,1.7981745409336036158431536695
0.020,0.18,0.042,0.019,False,1.7812847125607073325001220205
