StopLoss,StopProfit,StartProfit,OpenCriteria,FollowTrend,Result
0.038,0.20,0.024,0.031,False,1.6385241504342203116982503471
0.038,0.20,0.024,0.030,False,1.6287525199927114754439355172
0.037,0.20,0.024,0.031,False,1.6210935301224914070321186005
