StopLoss,StopProfit,StartProfit,OpenCriteria,FollowTrend,Result
0.027,0.02,0.150,0.003,True,3.1384949379135487867321957765
0.027,0.02,0.151,0.002,True,3.1144395102096564526479318416
0.020,0.02,0.156,0.002,False,3.0962835129097233560933290457
