StopLoss,StopProfit,StartProfit,OpenCriteria,FollowTrend,Result
0.016,0.05,0.097,0.024,False,2.8197377110806903711039920498
0.007,0.27,0.085,0.021,False,2.8176247586349770147423089270
0.007,0.27,0.084,0.021,False,2.8159046660798835002455867024
