StopLoss,StopProfit,StartProfit,OpenCriteria,FollowTrend,Result
0.021,0.01,0.070,0.014,False,1.6140882393350835232437144431
0,0.02,0.066,0.027,False,1.6072377095537922754585893807
0.021,0.01,0.069,0.014,False,1.6071484590879581847970029852
