StopLoss,StopProfit,StartProfit,OpenCriteria,FollowTrend,Result
0.012,0.02,0.149,0.004,False,3.3895887501486506403552223030
0.012,0.02,0.150,0.004,False,3.3895887501486506403552223030
0.012,0.02,0.148,0.004,False,3.3468391024612638365070611824
0.014,0.03,0.148,0.027,False,3.3400916040153944714854302826
0.014,0.03,0.149,0.027,False,3.3400916040153944714854302826
0.014,0.03,0.150,0.027,False,3.3400916040153944714854302826
