StopLoss,StopProfit,StartProfit,OpenCriteria,FollowTrend,Result
0.012,0.04,0.098,0.015,False,2.6133720265006736323923921745
0.012,0.04,0.099,0.015,False,2.6133720265006736323923921745
0.022,0.01,0.155,0.021,False,2.4557138716570784733724147047
0.022,0.02,0.155,0.021,False,2.4431335264929530620798584081
