StopLoss,StopProfit,StartProfit,OpenCriteria,FollowTrend,Result
0.015,0.01,0.039,0.018,False,2.0844632472950873174799579300
0.013,0,0.077,0.015,False,2.0508877806973345753562601954
0.038,0.01,0.041,0.031,True,2.0153981725196337609738566696
