StopLoss,StopProfit,StartProfit,OpenCriteria,FollowTrend,Result
0.027,0.02,0.150,0.003,True,3.1585618275456558101435670140
0.027,0.02,0.151,0.002,True,3.1345063998417634760593030791
0.028,0.02,0.150,0.003,True,3.1056262341844542419054520041
