StopLoss,StopProfit,StartProfit,OpenCriteria,FollowTrend,Result
0.012,0,0.150,0.004,False,3.1405449207146652635223488002
0.011,0,0.150,0.027,False,3.0754845892063179888908280547
0.013,0,0.150,0.027,False,3.0346323521479130982810995896
