StopLoss,StopProfit,StartProfit,OpenCriteria,FollowTrend,Result
0.013,0,0.077,0.015,False,2.0217986452846618421893915390
0.034,0,0.043,0.030,True,1.9314058465208271398637460462
0.034,0,0.042,0.030,True,1.9273812506797978404722001065
