StopLoss,StopProfit,StartProfit,OpenCriteria,FollowTrend,Result
0.010,0.22,0.088,0.024,False,2.7846480375877239151849054817
0.011,0.22,0.088,0.024,False,2.7645209812028814212821540140
0.016,0.05,0.097,0.024,False,2.7589848210009036572058652556
