StopLoss,StopProfit,StartProfit,OpenCriteria,FollowTrend,Result
0.011,0.01,0.118,0.023,False,2.8789972596377052917023210043
0.012,0.01,0.117,0.023,False,2.8787288433252423478664793810
0.018,0.14,0.117,0.021,False,2.8505120598207648568694028920
