StopLoss,StopProfit,StartProfit,OpenCriteria,FollowTrend,Result
0.016,0,0.043,0.019,False,1.9276946769195872689185793315
0.016,0.01,0.043,0.019,False,1.9046922195367715328716230772
0.016,0.01,0.040,0.016,False,1.8944548624233521018527078720
