StopLoss,StopProfit,StartProfit,OpenCriteria,FollowTrend,Result
0.013,0.03,0.034,0.005,False,1.7352073190941219226259883200
0.013,0.04,0.034,0.005,False,1.7350767107590473195807901543
0.013,0.05,0.034,0.005,False,1.6891161430022461741600496942
