StopLoss,StopProfit,StartProfit,OpenCriteria,FollowTrend,Result
0.008,0.01,0.057,0.016,False,1.8159738475429911260617810097
0.021,0.01,0.052,0.017,False,1.8122071420240613027101575048
0.033,0.01,0.052,0.024,True,1.7901324461678311812647784842
