StopLoss,StopProfit,StartProfit,OpenCriteria,FollowTrend,Result
0.013,0.03,0.034,0.005,False,1.6259150455487337621863044832
0.013,0.04,0.034,0.005,False,1.6257844372136591591411063175
0.009,0.01,0.032,0.019,False,1.6007219159657629811026418539
