StopLoss,StopProfit,StartProfit,OpenCriteria,FollowTrend,Result
0.033,0,0.042,0.026,True,1.9701220539397262179383278170
0.034,0,0.042,0.026,True,1.9083386078595891517740728335
0.034,0,0.043,0.030,True,1.8517825651886044393764494138
