StopLoss,StopProfit,StartProfit,OpenCriteria,FollowTrend,Result
0.009,0.10,0.047,0.021,True,2.8323302936540483308993015551
0.018,0.11,0.063,0.021,False,2.5599977050149434569753444575
0.009,0.09,0.047,0.021,True,2.5381416426956937231170836276
