StopLoss,StopProfit,StartProfit,OpenCriteria,FollowTrend,Result
0.027,0.01,0.088,0.034,False,2.7620938607929151231487611612
0.027,0.02,0.088,0.034,False,2.7582661770723102040284373602
0.027,0.01,0.085,0.034,False,2.6897647911235086302574782062
0.027,0.01,0.086,0.034,False,2.6897647911235086302574782062
0.027,0.01,0.087,0.034,False,2.6897647911235086302574782062
