StopLoss,StopProfit,StartProfit,OpenCriteria,FollowTrend,Result
0.020,0.14,0.080,0.023,False,2.9947205097978985055673290119
0.017,0.21,0.068,0.022,False,2.9886154536759230177233369482
0.017,0.21,0.069,0.022,False,2.9886154536759230177233369482
0.017,0.21,0.070,0.022,False,2.9579901800083495296395522227
