StopLoss,StopProfit,StartProfit,OpenCriteria,FollowTrend,Result
0.020,0.14,0.080,0.023,False,3.0265008245155782340461935599
0.017,0.21,0.068,0.022,False,3.0203468153518318285674527830
0.017,0.21,0.069,0.022,False,3.0203468153518318285674527830
0.017,0.21,0.070,0.022,False,2.9897215416842583404836680575
