StopLoss,StopProfit,StartProfit,OpenCriteria,FollowTrend,Result
0.020,0.04,0.122,0.024,False,3.1637828291185486719551155089
0.015,0.17,0.139,0.025,False,3.1580831413343772027304944262
0.015,0.17,0.140,0.025,False,3.1310599758501582583102038735
