StopLoss,StopProfit,StartProfit,OpenCriteria,FollowTrend,Result
0.021,0.18,0.156,0.030,False,2.9553390436910175581146417381
0.034,0.18,0.159,0.037,False,2.9443517583020575682779164515
0.034,0.18,0.160,0.037,False,2.9443517583020575682779164515
0.001,0.06,0.151,0.004,False,2.9329883246158214974966848070
