StopLoss,StopProfit,StartProfit,OpenCriteria,FollowTrend,Result
0.013,0,0.077,0.015,False,2.0217397986345543062979642313
0.034,0,0.043,0.030,True,2.0070263647230877518118557602
0.034,0,0.042,0.030,True,2.0030017688820584524203098205
