StopLoss,StopProfit,StartProfit,OpenCriteria,FollowTrend,Result
0.038,0.20,0.024,0.031,False,1.6213406681453165798771494672
0.038,0.20,0.024,0.030,False,1.6115690377038077436228346373
0.037,0.20,0.024,0.031,False,1.6055434553404606912392081981
