StopLoss,StopProfit,StartProfit,OpenCriteria,FollowTrend,Result
0.012,0.02,0.149,0.004,False,3.2967342289727054025851473113
0.012,0.02,0.150,0.004,False,3.2967342289727054025851473113
0.012,0.02,0.148,0.004,False,3.2539845812853185987369861907
0.011,0.02,0.149,0.004,False,3.0694071904791588661904042346
