StopLoss,StopProfit,StartProfit,OpenCriteria,FollowTrend,Result
0.012,0.02,0.149,0.004,False,3.4589714793252218654191652800
0.012,0.02,0.150,0.004,False,3.4589714793252218654191652800
0.012,0.02,0.148,0.004,False,3.4162218316378350615710041594
0.014,0.03,0.148,0.027,False,3.3444673333036091739358386840
0.014,0.03,0.149,0.027,False,3.3444673333036091739358386840
0.014,0.03,0.150,0.027,False,3.3444673333036091739358386840
