StopLoss,StopProfit,StartProfit,OpenCriteria,FollowTrend,Result
0.038,0.01,0.041,0.031,True,2.0890907240251805121624462100
0.016,0.01,0.039,0.018,False,2.0782459408453815465194521980
0.015,0.01,0.039,0.018,False,2.0516358002795977231367389146
