StopLoss,StopProfit,StartProfit,OpenCriteria,FollowTrend,Result
0.023,0.16,0.115,0.028,False,2.9423944292773658090187491085
0.016,0.15,0.103,0.026,False,2.9308563208661237152320439379
0.017,0.15,0.103,0.026,False,2.8900747199043411557379741760
