StopLoss,StopProfit,StartProfit,OpenCriteria,FollowTrend,Result
0.037,0.04,0.041,0.039,True,1.3987416523764874286685419031
0.030,0.28,0.02,0.019,False,1.3647905163664466113383136333
0.014,0.14,0.02,0.018,False,1.3595761356511862562825666829
