StopLoss,StopProfit,StartProfit,OpenCriteria,FollowTrend,Result
0.009,0.14,0.047,0.019,False,1.8251449661797800023654545355
0.017,0.06,0.026,0.005,False,1.8181937594928394682778029669
0.009,0.15,0.047,0.019,False,1.7907864630810926782045445225
