StopLoss,StopProfit,StartProfit,OpenCriteria,FollowTrend,Result
0.033,0.02,0.023,0.016,False,1.8978550518184723620848372195
0.033,0.02,0.023,0.014,False,1.8708335831208005047091282686
0.032,0.02,0.023,0.017,False,1.8699794480078498846586713414
