StopLoss,StopProfit,StartProfit,OpenCriteria,FollowTrend,Result
0.016,0.01,0.039,0.018,False,2.1060575899661659854378580329
0.016,0.02,0.039,0.018,False,2.0515509893450846265978728882
0.024,0.27,0.037,0.019,False,1.9993970832251975919258789019
