StopLoss,StopProfit,StartProfit,OpenCriteria,FollowTrend,Result
0.037,0.20,0.023,0.031,False,1.5485375404932135772808795594
0.038,0.20,0.023,0.031,False,1.5471356438500003426457737364
0.038,0.20,0.024,0.031,False,1.5470505181052720707038193879
