StopLoss,StopProfit,StartProfit,OpenCriteria,FollowTrend,Result
0.013,0.03,0.034,0.005,False,1.6595807381476567740772824105
0.013,0.04,0.034,0.005,False,1.6594501298125821710320842448
0.013,0.05,0.034,0.005,False,1.6134895620557810256113437847
