StopLoss,StopProfit,StartProfit,OpenCriteria,FollowTrend,Result
0.012,0.02,0.149,0.004,False,3.4355208930605652490037548948
0.012,0.02,0.150,0.004,False,3.4355208930605652490037548948
0.012,0.02,0.148,0.004,False,3.3927712453731784451555937742
0.014,0.03,0.148,0.027,False,3.3648874033152777853710778906
0.014,0.03,0.149,0.027,False,3.3648874033152777853710778906
0.014,0.03,0.150,0.027,False,3.3648874033152777853710778906
