StopLoss,StopProfit,StartProfit,OpenCriteria,FollowTrend,Result
0.021,0.02,0.041,0.025,False,2.8110514013329474371060390781
0.022,0.02,0.041,0.025,False,2.7754072825779820093506069661
0.023,0.02,0.041,0.025,False,2.7640050185977718448713035138
