StopLoss,StopProfit,StartProfit,OpenCriteria,FollowTrend,Result
0.005,0.23,0.157,0.004,False,3.1801317204162029237634354814
0.005,0.23,0.158,0.004,False,3.1801317204162029237634354814
0.005,0.23,0.159,0.004,False,3.1801317204162029237634354814
0.005,0.23,0.160,0.004,False,3.1801317204162029237634354814
0.005,0.23,0.155,0.004,False,3.1743390136676755601479331589
0.005,0.23,0.156,0.004,False,3.1743390136676755601479331589
0.016,0.03,0.158,0.015,False,3.1397915444046300078309999110
