StopLoss,StopProfit,StartProfit,OpenCriteria,FollowTrend,Result
0.020,0.14,0.079,0.023,False,3.0873685018037326884904802637
0.019,0.14,0.078,0.024,False,2.9873567072451192270111583299
0.019,0.14,0.079,0.024,False,2.9708732642413559136832299919
