StopLoss,StopProfit,StartProfit,OpenCriteria,FollowTrend,Result
0.019,0,0.120,0.024,False,2.9980908231991313407478577255
0.020,0,0.120,0.024,False,2.9134956097292535067352259179
0.020,0,0.119,0.023,False,2.9111701386096813523881822984
0.020,0,0.120,0.023,False,2.9111701386096813523881822984
