StopLoss,StopProfit,StartProfit,OpenCriteria,FollowTrend,Result
0.018,0.14,0.139,0.010,False,2.9485213505903928286946886649
0.018,0.14,0.140,0.010,False,2.9485213505903928286946886649
0.018,0.14,0.137,0.010,False,2.8930604693763555251779600496
0.018,0.14,0.138,0.010,False,2.8930604693763555251779600496
0.018,0.14,0.121,0.026,False,2.8553422348430656381398812711
