StopLoss,StopProfit,StartProfit,OpenCriteria,FollowTrend,Result
0.001,0.06,0.151,0.004,False,3.0178327513968700076555725539
0.001,0.06,0.152,0.004,False,3.0134937226911712210015584667
0.001,0.06,0.153,0.004,False,3.0134937226911712210015584667
0.001,0.06,0.154,0.004,False,3.0134937226911712210015584667
0.021,0.18,0.156,0.030,False,2.9318206993824568807863256516
