StopLoss,StopProfit,StartProfit,OpenCriteria,FollowTrend,Result
0.032,0.04,0.041,0.038,True,1.4030434787033032148810109328
0.032,0.04,0.041,0.039,True,1.3809492646340633937601082721
0.033,0.04,0.041,0.039,True,1.3525681609897967021631925813
