StopLoss,StopProfit,StartProfit,OpenCriteria,FollowTrend,Result
0.038,0.20,0.024,0.031,False,1.5901396509582244309106668299
0.038,0.20,0.024,0.030,False,1.5811829444295710005060149389
0.037,0.20,0.024,0.031,False,1.5707662936912878134162691303
