StopLoss,StopProfit,StartProfit,OpenCriteria,FollowTrend,Result
0.014,0.03,0.148,0.027,False,3.7443699950426237489001927582
0.014,0.03,0.149,0.027,False,3.7443699950426237489001927582
0.014,0.03,0.150,0.027,False,3.7443699950426237489001927582
0.014,0.02,0.148,0.027,False,3.7353227963097671526213432076
0.014,0.02,0.149,0.027,False,3.7353227963097671526213432076
0.014,0.02,0.150,0.027,False,3.7353227963097671526213432076
0.016,0.03,0.149,0.022,False,3.7211633746564099274618127406
0.016,0.03,0.150,0.022,False,3.7211633746564099274618127406
