StopLoss,StopProfit,StartProfit,OpenCriteria,FollowTrend,Result
0.012,0.02,0.149,0.004,False,3.3910875633056530140412175557
0.012,0.02,0.150,0.004,False,3.3910875633056530140412175557
0.014,0.03,0.148,0.027,False,3.3651791186011587655344384506
0.014,0.03,0.149,0.027,False,3.3651791186011587655344384506
0.014,0.03,0.150,0.027,False,3.3651791186011587655344384506
0.014,0.02,0.148,0.027,False,3.3525245505322969881720396684
0.014,0.02,0.149,0.027,False,3.3525245505322969881720396684
0.014,0.02,0.150,0.027,False,3.3525245505322969881720396684
