StopLoss,StopProfit,StartProfit,OpenCriteria,FollowTrend,Result
0.016,0.01,0.039,0.018,False,2.1500436526839360202810636078
0.016,0.02,0.039,0.018,False,2.0955370520628546614410784631
0.016,0.01,0.038,0.018,False,2.0420206238763458774968140109
