StopLoss,StopProfit,StartProfit,OpenCriteria,FollowTrend,Result
0.009,0.14,0.047,0.019,False,1.7804657556812790720862144462
0.017,0.06,0.026,0.005,False,1.7597497595237975619847062671
0.009,0.15,0.047,0.019,False,1.7495766326853269913117992578
