StopLoss,StopProfit,StartProfit,OpenCriteria,FollowTrend,Result
0.019,0.02,0.120,0.024,False,3.0042231264741651753359894843
0.019,0,0.120,0.024,False,2.9980908231991313407478577255
0.019,0.01,0.120,0.024,False,2.9864143854538138528514172588
