StopLoss,StopProfit,StartProfit,OpenCriteria,FollowTrend,Result
0.019,0.14,0.081,0.024,False,3.1051966844948057761390006040
0.019,0.14,0.082,0.024,False,3.1051966844948057761390006040
0.019,0.13,0.082,0.024,False,3.0449880439397233668059737390
0.019,0.13,0.081,0.024,False,3.0411625407909293981318740264
