StopLoss,StopProfit,StartProfit,OpenCriteria,FollowTrend,Result
0.012,0.02,0.149,0.004,False,3.4530065636690491292918570143
0.012,0.02,0.150,0.004,False,3.4530065636690491292918570143
0.012,0.02,0.148,0.004,False,3.4102569159816623254436958937
0.014,0.03,0.148,0.027,False,3.3733471466058262101085341333
0.014,0.03,0.149,0.027,False,3.3733471466058262101085341333
0.014,0.03,0.150,0.027,False,3.3733471466058262101085341333
