StopLoss,StopProfit,StartProfit,OpenCriteria,FollowTrend,Result
0.037,0.01,0.041,0.031,True,1.7654539032769091108517832016
0.010,0.01,0.032,0.019,False,1.7626289845540566418309028480
0.012,0.01,0.031,0.019,False,1.7531966818986534214575932346
