StopLoss,StopProfit,StartProfit,OpenCriteria,FollowTrend,Result
0.013,0.11,0.060,0.021,False,2.7132683269406201308060961419
0.013,0.11,0.061,0.021,False,2.7132683269406201308060961419
0.013,0.11,0.062,0.021,False,2.7132683269406201308060961419
0.013,0.09,0.066,0.021,False,2.7021079281899212270419724551
0.013,0.09,0.067,0.021,False,2.7021079281899212270419724551
0.013,0.09,0.068,0.021,False,2.7021079281899212270419724551
0.013,0.09,0.069,0.021,False,2.7021079281899212270419724551
0.013,0.10,0.068,0.021,False,2.6893377148438250410093319284
0.013,0.10,0.069,0.021,False,2.6893377148438250410093319284
