StopLoss,StopProfit,StartProfit,OpenCriteria,FollowTrend,Result
0.022,0,0.145,0.021,False,2.6221353133304729568593796711
0.021,0,0.145,0.021,False,2.5760658205343101633171525560
0.011,0.18,0.147,0.030,False,2.5199284975182353145267517764
0.011,0.18,0.148,0.030,False,2.5199284975182353145267517764
0.011,0.18,0.149,0.030,False,2.5199284975182353145267517764
0.011,0.18,0.150,0.030,False,2.5199284975182353145267517764
0.011,0.18,0.151,0.030,False,2.5199284975182353145267517764
0.011,0.18,0.152,0.030,False,2.5199284975182353145267517764
0.011,0.18,0.153,0.030,False,2.5199284975182353145267517764
