StopLoss,StopProfit,StartProfit,OpenCriteria,FollowTrend,Result
0.034,0.02,0.022,0.016,False,1.7036221946486525904234580738
0.034,0.03,0.022,0.016,False,1.6828125406100723190683117583
0.020,0.15,0.042,0.019,False,1.6668253738472907943552274316
