StopLoss,StopProfit,StartProfit,OpenCriteria,FollowTrend,Result
0.005,0.23,0.157,0.004,False,3.2033092499367151840615817310
0.005,0.23,0.158,0.004,False,3.2033092499367151840615817310
0.005,0.23,0.159,0.004,False,3.2033092499367151840615817310
0.005,0.23,0.160,0.004,False,3.2033092499367151840615817310
0.005,0.23,0.155,0.004,False,3.1975165431881878204460794085
0.005,0.23,0.156,0.004,False,3.1975165431881878204460794085
0.016,0.03,0.158,0.015,False,3.1955548723859814835881508450
