StopLoss,StopProfit,StartProfit,OpenCriteria,FollowTrend,Result
0.020,0.14,0.079,0.023,False,3.1304508093152360172290671432
0.019,0.14,0.078,0.024,False,3.0282649387542032041275842296
0.019,0.14,0.079,0.024,False,3.0117814957504398907996558916
