StopLoss,StopProfit,StartProfit,OpenCriteria,FollowTrend,Result
0.014,0.03,0.148,0.027,False,3.4121452796279965718354886257
0.014,0.03,0.149,0.027,False,3.4121452796279965718354886257
0.014,0.03,0.150,0.027,False,3.4121452796279965718354886257
0.014,0.02,0.148,0.027,False,3.3994907115591347944730898435
0.014,0.02,0.149,0.027,False,3.3994907115591347944730898435
0.014,0.02,0.150,0.027,False,3.3994907115591347944730898435
0.012,0.02,0.149,0.004,False,3.3885435878740598602062692843
0.012,0.02,0.150,0.004,False,3.3885435878740598602062692843
