StopLoss,StopProfit,StartProfit,OpenCriteria,FollowTrend,Result
0.003,0.06,0.140,0.007,True,2.8841652572395738085952372921
0.039,0.20,0.137,0.040,False,2.7974226357143343576791587703
0.039,0.20,0.138,0.040,False,2.7974226357143343576791587703
0.039,0.20,0.139,0.040,False,2.7974226357143343576791587703
0.039,0.20,0.140,0.040,False,2.7974226357143343576791587703
0.039,0.20,0.137,0.039,False,2.7961618865488012837839453016
0.039,0.20,0.138,0.039,False,2.7961618865488012837839453016
0.039,0.20,0.139,0.039,False,2.7961618865488012837839453016
0.039,0.20,0.140,0.039,False,2.7961618865488012837839453016
