StopLoss,StopProfit,StartProfit,OpenCriteria,FollowTrend,Result
0.022,0,0.145,0.021,False,2.6221353133304729568593796711
0.021,0,0.145,0.021,False,2.5760658205343101633171525560
0.016,0,0.160,0.029,False,2.4987246035958867107400478378
