StopLoss,StopProfit,StartProfit,OpenCriteria,FollowTrend,Result
0.027,0.02,0.150,0.003,True,3.1829765432647193552940686862
0.027,0.02,0.151,0.002,True,3.1589211155608270212098047513
0.028,0.02,0.150,0.003,True,3.1300409499035177870559536763
