StopLoss,StopProfit,StartProfit,OpenCriteria,FollowTrend,Result
0.019,0.16,0.095,0.021,False,2.7835672627562261777750395686
0.019,0.15,0.098,0.026,False,2.7835092437738912109898296949
0.019,0.15,0.099,0.026,False,2.7835092437738912109898296949
0.019,0.16,0.096,0.021,False,2.7405890135720244804885427127
