StopLoss,StopProfit,StartProfit,OpenCriteria,FollowTrend,Result
0.011,0.07,0.065,0.024,False,2.6336456469777423604111386819
0.012,0.07,0.064,0.024,False,2.6019307300089840523061199591
0.012,0.07,0.065,0.024,False,2.6019307300089840523061199591
0.012,0.07,0.064,0.023,False,2.5557837975964669289406526322
