StopLoss,StopProfit,StartProfit,OpenCriteria,FollowTrend,Result
0.012,0,0.150,0.004,False,3.1584932093895161669721469449
0.011,0,0.150,0.027,False,3.1328412961575670030810638822
0.013,0,0.150,0.027,False,3.0960264213579114299891148752
