StopLoss,StopProfit,StartProfit,OpenCriteria,FollowTrend,Result
0.033,0.02,0.023,0.014,False,1.9261625393335909790705647964
0.033,0.02,0.023,0.015,False,1.9235794735049689132312691026
0.032,0.02,0.023,0.015,False,1.8904567301871869252139253600
