StopLoss,StopProfit,StartProfit,OpenCriteria,FollowTrend,Result
0.019,0.03,0.129,0.028,False,2.8561456738664771161891773415
0.020,0.03,0.128,0.028,False,2.8286559422096572004765138990
0.019,0.01,0.129,0.028,False,2.8200830294870270427562175087
