StopLoss,StopProfit,StartProfit,OpenCriteria,FollowTrend,Result
0.012,0.02,0.149,0.004,False,3.3895887501486506403552223030
0.012,0.02,0.150,0.004,False,3.3895887501486506403552223030
0.014,0.03,0.148,0.027,False,3.3610951045988250432473906093
0.014,0.03,0.149,0.027,False,3.3610951045988250432473906093
0.014,0.03,0.150,0.027,False,3.3610951045988250432473906093
0.014,0.02,0.148,0.027,False,3.3484405365299632658849918271
0.014,0.02,0.149,0.027,False,3.3484405365299632658849918271
0.014,0.02,0.150,0.027,False,3.3484405365299632658849918271
