StopLoss,StopProfit,StartProfit,OpenCriteria,FollowTrend,Result
0.023,0.08,0.106,0.027,False,2.7822716988231425015251850444
0.023,0.08,0.107,0.027,False,2.7822716988231425015251850444
0.023,0.08,0.108,0.027,False,2.7822716988231425015251850444
0.023,0.08,0.105,0.027,False,2.6964399823442824223476418361
0.023,0.08,0.103,0.027,False,2.6771500383415520242902094316
0.023,0.08,0.104,0.027,False,2.6771500383415520242902094316
