StopLoss,StopProfit,StartProfit,OpenCriteria,FollowTrend,Result
0.033,0,0.042,0.026,True,2.0290123649835632167214578440
0.037,0.01,0.041,0.031,True,1.9822779818789857725184821803
0.034,0,0.042,0.026,True,1.9653706934210864779772813896
