StopLoss,StopProfit,StartProfit,OpenCriteria,FollowTrend,Result
0.011,0.22,0.056,0.021,False,2.7170358334257537772499220247
0.023,0.02,0.041,0.025,False,2.6251504118282460212727015747
0.022,0.02,0.041,0.025,False,2.6241123320988442365201030129
