StopLoss,StopProfit,StartProfit,OpenCriteria,FollowTrend,Result
0.033,0.02,0.023,0.014,False,1.9041152952391027900941868436
0.033,0.02,0.023,0.015,False,1.9015322294104807242548911498
0.033,0.02,0.023,0.016,False,1.8769395032786144299617117262
