StopLoss,StopProfit,StartProfit,OpenCriteria,FollowTrend,Result
0.012,0.02,0.149,0.004,False,3.2684219694894728572305568769
0.012,0.02,0.150,0.004,False,3.2684219694894728572305568769
0.012,0.02,0.148,0.004,False,3.2256723218020860533823957563
0.011,0.02,0.149,0.004,False,3.0410949309959263208358138002
