StopLoss,StopProfit,StartProfit,OpenCriteria,FollowTrend,Result
0.018,0.14,0.139,0.010,False,2.9658579584958622447355106184
0.018,0.14,0.140,0.010,False,2.9658579584958622447355106184
0.018,0.14,0.137,0.010,False,2.9103970772818249412187820031
0.018,0.14,0.138,0.010,False,2.9103970772818249412187820031
0.018,0.15,0.139,0.010,False,2.8579125079233865778643521712
0.018,0.15,0.140,0.010,False,2.8579125079233865778643521712
