StopLoss,StopProfit,StartProfit,OpenCriteria,FollowTrend,Result
0.018,0.14,0.139,0.010,False,2.9965309781504185282375951926
0.018,0.14,0.140,0.010,False,2.9965309781504185282375951926
0.018,0.14,0.137,0.010,False,2.9410700969363812247208665773
0.018,0.14,0.138,0.010,False,2.9410700969363812247208665773
0.018,0.15,0.139,0.010,False,2.8885855275779428613664367454
0.018,0.15,0.140,0.010,False,2.8885855275779428613664367454
