StopLoss,StopProfit,StartProfit,OpenCriteria,FollowTrend,Result
0.019,0.14,0.081,0.024,False,3.0734163697771260476601360560
0.019,0.14,0.082,0.024,False,3.0734163697771260476601360560
0.019,0.13,0.082,0.024,False,3.0131684579032698604729493337
0.019,0.13,0.081,0.024,False,3.0093429547544758917988496211
