StopLoss,StopProfit,StartProfit,OpenCriteria,FollowTrend,Result
0.012,0.02,0.149,0.004,False,3.4418355463268969072952121812
0.012,0.02,0.150,0.004,False,3.4418355463268969072952121812
0.012,0.02,0.148,0.004,False,3.3990858986395101034470510606
0.014,0.03,0.148,0.027,False,3.3535105071659195590000160469
0.014,0.03,0.149,0.027,False,3.3535105071659195590000160469
0.014,0.03,0.150,0.027,False,3.3535105071659195590000160469
