StopLoss,StopProfit,StartProfit,OpenCriteria,FollowTrend,Result
0.012,0.02,0.149,0.004,False,3.4657218339523149674958810775
0.012,0.02,0.150,0.004,False,3.4657218339523149674958810775
0.012,0.02,0.148,0.004,False,3.4229721862649281636477199569
0.014,0.03,0.148,0.027,False,3.3823903204681365951727114962
0.014,0.03,0.149,0.027,False,3.3823903204681365951727114962
0.014,0.03,0.150,0.027,False,3.3823903204681365951727114962
