StopLoss,StopProfit,StartProfit,OpenCriteria,FollowTrend,Result
0.033,0,0.042,0.026,True,2.0385676813320324721730815869
0.037,0.01,0.041,0.031,True,1.9818440765453147263116677567
0.034,0,0.042,0.026,True,1.9729641853704099593268095669
