StopLoss,StopProfit,StartProfit,OpenCriteria,FollowTrend,Result
0.015,0.17,0.139,0.025,False,3.1522302349623720148164818051
0.020,0.04,0.122,0.024,False,3.1445150063825178434387378596
0.015,0.17,0.140,0.025,False,3.1252070694781530703961912524
