StopLoss,StopProfit,StartProfit,OpenCriteria,FollowTrend,Result
0.016,0,0.043,0.019,False,1.7234247247397125000695889891
0.016,0,0.043,0.021,False,1.6530712704596847899064050405
0.016,0,0.041,0.019,False,1.6170706340380267564308306084
