StopLoss,StopProfit,StartProfit,OpenCriteria,FollowTrend,Result
0.017,0.01,0.030,0.015,False,1.8747088445036489041255247263
0.029,0,0.025,0.018,False,1.8392807464478143114774018675
0.028,0.01,0.022,0.017,False,1.7792420230189139590604860141
