StopLoss,StopProfit,StartProfit,OpenCriteria,FollowTrend,Result
0.019,0.15,0.098,0.026,False,2.8226208134924978084427748674
0.019,0.15,0.099,0.026,False,2.8226208134924978084427748674
0.019,0.16,0.095,0.021,False,2.8186970391355034397436547564
0.019,0.15,0.098,0.024,False,2.7904249992448271085391526755
0.019,0.15,0.099,0.024,False,2.7904249992448271085391526755
