StopLoss,StopProfit,StartProfit,OpenCriteria,FollowTrend,Result
0.033,0.02,0.023,0.014,False,1.9002456944076935904053508580
0.033,0.02,0.023,0.015,False,1.8976626285790715245660551642
0.033,0.02,0.023,0.016,False,1.8959011747570545004313443375
