StopLoss,StopProfit,StartProfit,OpenCriteria,FollowTrend,Result
0.039,0.01,0.022,0.016,False,1.4698050041197260554468449419
0.037,0.04,0.022,0.019,False,1.4305793576644573721371444599
0.040,0.01,0.022,0.015,False,1.4256966393344832696699498408
