StopLoss,StopProfit,StartProfit,OpenCriteria,FollowTrend,Result
0.020,0.04,0.122,0.023,False,3.1360046939881663341279849264
0.020,0.04,0.122,0.024,False,3.1331150641059682148532041608
0.019,0.04,0.123,0.024,False,3.0461343333487843659164923526
