StopLoss,StopProfit,StartProfit,OpenCriteria,FollowTrend,Result
0.019,0.02,0.156,0.002,False,2.9621511389277820694625005383
0.019,0.02,0.157,0.002,False,2.9621511389277820694625005383
0.019,0.03,0.156,0.002,False,2.9606298256180778962509069230
0.019,0.03,0.157,0.002,False,2.9606298256180778962509069230
0.019,0.03,0.160,0.002,False,2.9490973657470817364520936312
