StopLoss,StopProfit,StartProfit,OpenCriteria,FollowTrend,Result
0.019,0.02,0.156,0.002,False,2.9415467433233864650668961427
0.019,0.02,0.157,0.002,False,2.9415467433233864650668961427
0.019,0.03,0.156,0.002,False,2.9400254300136822918553025274
0.019,0.03,0.157,0.002,False,2.9400254300136822918553025274
0.019,0.03,0.160,0.002,False,2.9284929701426861320564892356
