StopLoss,StopProfit,StartProfit,OpenCriteria,FollowTrend,Result
0.037,0.01,0.041,0.031,True,1.6919894311773507005747860117
0.037,0.02,0.041,0.031,True,1.6498629494454655889618210701
0.032,0.01,0.040,0.006,True,1.6414531553414949017178986474
