StopLoss,StopProfit,StartProfit,OpenCriteria,FollowTrend,Result
0.033,0,0.042,0.026,True,2.0303383238515504479840168138
0.034,0,0.042,0.026,True,1.9666964026299544297944676951
0.034,0,0.043,0.030,True,1.9166721789483333011344801845
