StopLoss,StopProfit,StartProfit,OpenCriteria,FollowTrend,Result
0.005,0.23,0.157,0.004,False,3.1422151168071733040835495448
0.005,0.23,0.158,0.004,False,3.1422151168071733040835495448
0.005,0.23,0.159,0.004,False,3.1422151168071733040835495448
0.005,0.23,0.160,0.004,False,3.1422151168071733040835495448
0.005,0.23,0.155,0.004,False,3.1364224100586459404680472223
0.005,0.23,0.156,0.004,False,3.1364224100586459404680472223
0.016,0.03,0.158,0.015,False,3.1245277489330729807938331994
