StopLoss,StopProfit,StartProfit,OpenCriteria,FollowTrend,Result
0.013,0.03,0.034,0.005,False,1.6956697979239910527260653023
0.013,0.04,0.034,0.005,False,1.6955391895889164496808671366
0.013,0.05,0.034,0.005,False,1.6495786218321153042601266765
