StopLoss,StopProfit,StartProfit,OpenCriteria,FollowTrend,Result
0.033,0,0.042,0.026,True,1.9701220539397262179383278170
0.010,0.01,0.032,0.019,False,1.9663355037057408150620794172
0.037,0.01,0.041,0.031,True,1.9224066573912865739032248224
