StopLoss,StopProfit,StartProfit,OpenCriteria,FollowTrend,Result
0.012,0.02,0.149,0.004,False,3.6634433525154143325916107520
0.012,0.02,0.149,0.027,False,2.5648420960783991655351103737
0.012,0.03,0.149,0.004,False,2.4520433780151268262763863273
0.012,0.03,0.149,0.027,False,2.2567463476886776908668455972
0.012,0.03,0.149,0.004,True,1.9785776428036462129418050344
0.012,0.02,0.149,0.004,True,0.4839838739973120572250076123
