StopLoss,StopProfit,StartProfit,OpenCriteria,FollowTrend,Result
0.027,0.01,0.088,0.034,False,2.7883389617530936971737743999
0.027,0.02,0.088,0.034,False,2.7845112780324887780534505989
0.027,0.01,0.085,0.034,False,2.7160098920836872042824914449
0.027,0.01,0.086,0.034,False,2.7160098920836872042824914449
0.027,0.01,0.087,0.034,False,2.7160098920836872042824914449
