StopLoss,StopProfit,StartProfit,OpenCriteria,FollowTrend,Result
0.017,0.06,0.066,0.037,False,1.4430241986112862366427027126
0.017,0.06,0.066,0.036,False,1.4385690542189494685103788904
0.017,0.05,0.066,0.037,False,1.4378531333764031157997789210
