StopLoss,StopProfit,StartProfit,OpenCriteria,FollowTrend,Result
0.015,0.08,0.152,0.016,False,1.9050814296877115601680657528
0.015,0.08,0.153,0.016,False,1.9050814296877115601680657528
0.016,0.08,0.152,0.017,False,1.8871954375469696739541583498
0.016,0.08,0.153,0.017,False,1.8871954375469696739541583498
0.016,0.08,0.151,0.016,False,1.8817284351425432671705334784
0.016,0.08,0.152,0.016,False,1.8817284351425432671705334784
0.016,0.08,0.153,0.016,False,1.8817284351425432671705334784
