StopLoss,StopProfit,StartProfit,OpenCriteria,FollowTrend,Result
0.027,0.04,0.056,0.032,False,1.6473562207948711170170100606
0.021,0.11,0.053,0.029,False,1.6217561323854785714284890514
0.027,0.05,0.056,0.032,False,1.6200467304550188276266421840
