StopLoss,StopProfit,StartProfit,OpenCriteria,FollowTrend,Result
0.028,0.07,0.044,0.040,False,1.3509512629059981170054009619
0.028,0.06,0.044,0.040,False,1.3509007271810081760075546362
0.028,0.08,0.044,0.040,False,1.3484595925902478971864848462
