StopLoss,StopProfit,StartProfit,OpenCriteria,FollowTrend,Result
0.024,0.13,0.049,0.001,True,1.6104152199461152538129718188
0.022,0.13,0.054,0.029,False,1.5802826251795647954077724991
0.027,0.04,0.056,0.032,False,1.5777386701447083887678556554
