StopLoss,StopProfit,StartProfit,OpenCriteria,FollowTrend,Result
0.017,0,0.067,0.038,False,1.5642532818813003057439332636
0.009,0,0.050,0.018,False,1.4921850421984389822578054010
0.034,0,0.050,0.037,False,1.4887103704835255225551206990
