StopLoss,StopProfit,StartProfit,OpenCriteria,FollowTrend,Result
0.015,0.08,0.152,0.016,False,1.8999508326727861870337373946
0.015,0.08,0.153,0.016,False,1.8999508326727861870337373946
0.016,0.08,0.152,0.017,False,1.8820648405320443008198299916
0.016,0.08,0.153,0.017,False,1.8820648405320443008198299916
0.016,0.08,0.151,0.016,False,1.8765978381276178940362051202
0.016,0.08,0.152,0.016,False,1.8765978381276178940362051202
0.016,0.08,0.153,0.016,False,1.8765978381276178940362051202
