StopLoss,StopProfit,StartProfit,OpenCriteria,FollowTrend,Result
0.016,0.06,0.069,0.028,False,1.6241920801533680579187895587
0.016,0.07,0.069,0.028,False,1.5846776154228926090045572279
0.018,0.08,0.069,0.027,False,1.5728039177546797852315999273
