StopLoss,StopProfit,StartProfit,OpenCriteria,FollowTrend,Result
0.025,0.13,0.070,0.008,False,1.7195949603685306606086638677
0.025,0.13,0.069,0.008,False,1.6848964588105344219106370733
0.026,0.13,0.070,0.008,False,1.6780402361568343673772926345
