StopLoss,StopProfit,StartProfit,OpenCriteria,FollowTrend,Result
0.015,0.02,0.067,0.011,False,1.6962415295158292276995521692
0.024,0.13,0.049,0.001,True,1.6399732609539355257924931379
0.026,0.04,0.057,0.011,False,1.6361728716933806796543420175
