StopLoss,StopProfit,StartProfit,OpenCriteria,FollowTrend,Result
0.015,0.05,0.136,0.017,False,1.6884776469171416360883279317
0.015,0.05,0.137,0.017,False,1.6884776469171416360883279317
0.015,0.05,0.134,0.017,False,1.6668018288085158894598927381
0.015,0.05,0.135,0.017,False,1.6668018288085158894598927381
0.027,0,0.095,0.020,False,1.6622959625943546072324098185
