StopLoss,StopProfit,StartProfit,OpenCriteria,FollowTrend,Result
0.016,0.06,0.069,0.028,False,1.6068041083650474483996426408
0.016,0.07,0.069,0.028,False,1.5672896436345719994854103100
0.017,0.06,0.069,0.028,False,1.5529504118606000638203306369
