StopLoss,StopProfit,StartProfit,OpenCriteria,FollowTrend,Result
0.027,0,0.095,0.020,False,1.6622959625943546072324098185
0.027,0,0.095,0.019,False,1.6557749993400953430668929055
0.026,0,0.095,0.020,False,1.6295474276407158786927190513
0.026,0,0.096,0.020,False,1.6295474276407158786927190513
