StopLoss,StopProfit,StartProfit,OpenCriteria,FollowTrend,Result
0.015,0.08,0.152,0.016,False,1.8747642655086070825561254543
0.015,0.08,0.153,0.016,False,1.8747642655086070825561254543
0.016,0.08,0.152,0.017,False,1.8568782733678651963422180513
0.016,0.08,0.153,0.017,False,1.8568782733678651963422180513
0.016,0.08,0.151,0.016,False,1.8514112709634387895585931799
0.016,0.08,0.152,0.016,False,1.8514112709634387895585931799
0.016,0.08,0.153,0.016,False,1.8514112709634387895585931799
