StopLoss,StopProfit,StartProfit,OpenCriteria,FollowTrend,Result
0.020,0.05,0.148,0.013,False,1.5808873129884529565634272436
0.020,0.05,0.149,0.013,False,1.5808873129884529565634272436
0.021,0.11,0.148,0.017,False,1.5724877401000071441608854346
0.022,0.11,0.147,0.017,False,1.5682524345796869862981974839
0.022,0.11,0.148,0.017,False,1.5682524345796869862981974839
