StopLoss,StopProfit,StartProfit,OpenCriteria,FollowTrend,Result
0.023,0.14,0.044,0.020,False,1.6151845649126733881332574002
0.016,0.06,0.069,0.028,False,1.6088644433738523130000261976
0.023,0.15,0.044,0.020,False,1.5851867369345847373090601050
