StopLoss,StopProfit,StartProfit,OpenCriteria,FollowTrend,Result
0.027,0.04,0.056,0.032,False,1.6902203459385203505489242085
0.027,0.05,0.056,0.032,False,1.6629586832715539325081864497
0.017,0.01,0.067,0.038,False,1.6538549241417041148214607789
