StopLoss,StopProfit,StartProfit,OpenCriteria,FollowTrend,Result
0.019,0.01,0.073,0.010,False,1.6697437067900694603575654231
0.020,0.01,0.073,0.010,False,1.5131987048929500226865465858
0.015,0,0.079,0.011,False,1.4969532329807687638580782195
