StopLoss,StopProfit,StartProfit,OpenCriteria,FollowTrend,Result
0.016,0.06,0.069,0.028,False,1.6162951557975908343111420109
0.023,0.14,0.044,0.020,False,1.5808738796502468685797621280
0.016,0.07,0.069,0.028,False,1.5767806910671153853969096801
