StopLoss,StopProfit,StartProfit,OpenCriteria,FollowTrend,Result
0.027,0.04,0.056,0.032,False,1.6324790709177212398671329107
0.017,0.01,0.067,0.038,False,1.6120720038904409713010456486
0.027,0.05,0.056,0.032,False,1.6047538177143387784664619301
