StopLoss,StopProfit,StartProfit,OpenCriteria,FollowTrend,Result
0.018,0.04,0.118,0.005,True,3.1699967051490087179028868298
0.019,0.04,0.118,0.005,True,3.1031008964284091053534948696
0.019,0.05,0.116,0.005,True,3.0578235191097629170327284650
