StopLoss,StopProfit,StartProfit,OpenCriteria,FollowTrend,Result
0.002,0.10,0.099,0.006,False,2.8410286658239178386581179552
0.002,0.10,0.098,0.006,False,2.6827813278373940846740667973
0.012,0.12,0.086,0.009,True,2.6301524736579863801191021659
