StopLoss,StopProfit,StartProfit,OpenCriteria,FollowTrend,Result
0.004,0.04,0.128,0.004,True,2.9185890926649957771591993857
0.004,0.04,0.129,0.004,True,2.9185890926649957771591993857
0.006,0.04,0.130,0.001,True,2.8981391501747587312393285007
0.006,0.04,0.128,0.001,True,2.8808614904487029441533759737
0.006,0.04,0.129,0.001,True,2.8808614904487029441533759737
