StopLoss,StopProfit,StartProfit,OpenCriteria,FollowTrend,Result
0.018,0.04,0.118,0.005,True,3.0829243142443434563897587711
0.018,0.04,0.118,0.004,True,3.0593124080370663305183628230
0.019,0.04,0.118,0.005,True,3.0150346481317554642027593103
