StopLoss,StopProfit,StartProfit,OpenCriteria,FollowTrend,Result
0.024,0.10,0.109,0.017,True,3.5151154463206263300955962143
0.023,0.09,0.111,0.017,True,3.5037522344353762806886483471
0.023,0.08,0.107,0.017,True,3.4627091059988683577495140399
0.023,0.09,0.108,0.017,True,3.4482928933477108819620577866
0.023,0.09,0.107,0.017,True,3.4356825090203284697140699331
0.023,0.09,0.108,0.016,True,3.4332073736167860465979031042
0.023,0.08,0.106,0.017,True,3.4237417201326713991657603945
0.024,0.09,0.110,0.017,True,3.4134052006468400615089953102
0.024,0.09,0.109,0.017,True,3.4092909909911591094779419350
0.017,0.04,0.119,0.007,True,3.3833774407121034388235134288
