StopLoss,StopProfit,StartProfit,OpenCriteria,FollowTrend,Result
0.001,0.05,0.120,0.009,True,2.9193391937915996063540601347
0.002,0.06,0.118,0.008,False,2.8845013921900683577757572171
0.002,0.06,0.119,0.008,False,2.8845013921900683577757572171
0.002,0.06,0.117,0.007,False,2.8761929207021111968880819653
0.002,0.06,0.118,0.007,False,2.8761929207021111968880819653
