StopLoss,StopProfit,StartProfit,OpenCriteria,FollowTrend,Result
0.008,0.06,0.071,0.013,True,2.7253627122005602947568822180
0.008,0.06,0.070,0.013,True,2.6993699676285700336501401234
0.007,0.04,0.074,0.013,True,2.5568550445560366931078152120
