StopLoss,StopProfit,StartProfit,OpenCriteria,FollowTrend,Result
0.001,0.05,0.121,0.009,True,2.9708152888664237178911971640
0.001,0.05,0.122,0.008,True,2.8763195682340378632882229913
0.001,0.06,0.129,0.007,True,2.8392470588121243311680849777
0.001,0.06,0.130,0.007,True,2.8392470588121243311680849777
