StopLoss,StopProfit,StartProfit,OpenCriteria,FollowTrend,Result
0.018,0.04,0.118,0.005,True,3.0997990461543662903108824397
0.018,0.04,0.118,0.004,True,3.0983636668569607043764353744
0.023,0.04,0.118,0.004,True,3.0425045508873018404778279198
