StopLoss,StopProfit,StartProfit,OpenCriteria,FollowTrend,Result
0.018,0.04,0.118,0.004,True,3.0229923004559427588964565167
0.001,0.16,0.117,0.003,True,3.0065221159013832957653442056
0.001,0.16,0.118,0.003,True,3.0065221159013832957653442056
0.019,0.05,0.115,0.005,True,3.0021016290778543815557794823
