StopLoss,StopProfit,StartProfit,OpenCriteria,FollowTrend,Result
0.007,0.03,0.070,0.013,True,2.7746663322130387799820301536
0.007,0.01,0.070,0.013,True,2.6635663167145221887083899482
0.007,0.02,0.070,0.013,True,2.6404659662935144713319673542
