StopLoss,StopProfit,StartProfit,OpenCriteria,FollowTrend,Result
0.002,0.04,0.121,0.008,True,2.7971045567692183198393120550
0.002,0.04,0.122,0.008,True,2.7971045567692183198393120550
0.024,0.01,0.154,0.018,True,2.7094150256610690921106156784
0.028,0.01,0.152,0.022,True,2.6987442917037545054304099841
