StopLoss,StopProfit,StartProfit,OpenCriteria,FollowTrend,Result
0.006,0.15,0.058,0.008,True,2.5095492150402078466818184376
0.005,0.12,0.076,0.011,True,2.4894002593121818291200641837
0.006,0.12,0.074,0.011,True,2.4668912167781240085703451928
