StopLoss,StopProfit,StartProfit,OpenCriteria,FollowTrend,Result
0.017,0.05,0.088,0.002,False,2.6159382188039167140426603871
0.012,0.02,0.090,0.002,False,2.6097686777772591697571913425
0.017,0.05,0.088,0.001,False,2.5986655343553002230686875269
