StopLoss,StopProfit,StartProfit,OpenCriteria,FollowTrend,Result
0.019,0.05,0.115,0.005,True,3.0565133329584835546437386706
0.017,0.04,0.119,0.007,True,3.0411064419095343356988807092
0.023,0.05,0.117,0.005,False,3.0364907947414252221871142736
