StopLoss,StopProfit,StartProfit,OpenCriteria,FollowTrend,Result
0.008,0.05,0.112,0.007,True,2.8637850407075150513449937267
0.008,0.06,0.112,0.007,True,2.8504576098918885147717210532
0.006,0.05,0.117,0.011,True,2.8385563386562738076628423493
