StopLoss,StopProfit,StartProfit,OpenCriteria,FollowTrend,Result
0.010,0.03,0.1,0.005,True,2.8009053130363813026927610578
0.010,0.03,0.1,0.004,True,2.8007179652438348208493505146
0.008,0.02,0.102,0.001,False,2.7611995165221098047939541196
