StopLoss,StopProfit,StartProfit,OpenCriteria,FollowTrend,Result
0.001,0.05,0.121,0.009,True,2.7756563619513309274388296979
0.002,0.04,0.121,0.008,True,2.7390251766268764019115734594
0.002,0.04,0.122,0.008,True,2.7390251766268764019115734594
0.001,0.05,0.122,0.008,True,2.7222692543054215530947517009
