StopLoss,StopProfit,StartProfit,OpenCriteria,FollowTrend,Result
0.004,0.04,0.128,0.004,True,2.9380068953765134940703076899
0.004,0.04,0.129,0.004,True,2.9380068953765134940703076899
0.004,0.05,0.133,0.004,True,2.9271610491385198274681394111
0.006,0.04,0.130,0.001,True,2.8953403309793282535844892698
