StopLoss,StopProfit,StartProfit,OpenCriteria,FollowTrend,Result
0.023,0.02,0.119,0.004,True,2.8197223023631230295785910017
0.023,0.02,0.120,0.004,True,2.8197223023631230295785910017
0.002,0.04,0.119,0.008,True,2.8077153811839720057026740564
0.002,0.04,0.118,0.008,True,2.7904985490622269505629812672
