StopLoss,StopProfit,StartProfit,OpenCriteria,FollowTrend,Result
0.011,0.03,0.099,0.005,True,2.8827881913413123548749062491
0.011,0.03,0.099,0.004,True,2.8661683000423600012902512222
0.011,0.07,0.099,0.006,True,2.8604237596971067165468748340
