StopLoss,StopProfit,StartProfit,OpenCriteria,FollowTrend,Result
0.006,0.21,0.079,0.005,True,2.3493043467210317452066765558
0.033,0.25,0.078,0.021,True,2.3441433220811979603003967147
0.034,0.28,0.078,0.001,False,2.3211641963291781014647708414
