StopLoss,StopProfit,StartProfit,OpenCriteria,FollowTrend,Result
0.017,0.07,0.137,0.013,False,3.0341805276916329566910153503
0.017,0.05,0.121,0.013,True,3.0182779608620229655609224953
0.017,0.07,0.138,0.008,False,2.9211641382462986258288157273
0.017,0.07,0.139,0.008,False,2.9211641382462986258288157273
