StopLoss,StopProfit,StartProfit,OpenCriteria,FollowTrend,Result
0.019,0.05,0.115,0.005,True,3.1049818768957874398019190280
0.017,0.04,0.119,0.007,True,3.0864893004876611026412116894
0.024,0.06,0.110,0.010,True,3.0746538495353203180346174923
