StopLoss,StopProfit,StartProfit,OpenCriteria,FollowTrend,Result
0.005,0.22,0.116,0.001,False,2.6313464940463292723912705808
0.005,0.22,0.117,0.001,False,2.6313464940463292723912705808
0.005,0.22,0.118,0.001,False,2.6313464940463292723912705808
0.005,0.22,0.119,0.001,False,2.6313464940463292723912705808
0.005,0.22,0.112,0.002,False,2.6150536024206547554640698654
0.033,0.18,0.115,0.001,False,2.5936655012784537798677981086
0.033,0.18,0.116,0.001,False,2.5936655012784537798677981086
0.033,0.18,0.117,0.001,False,2.5936655012784537798677981086
