StopLoss,StopProfit,StartProfit,OpenCriteria,FollowTrend,Result
0.008,0.06,0.071,0.013,True,2.6115083869330026781577101184
0.007,0.04,0.074,0.013,True,2.5913240949492784313483800052
0.008,0.06,0.070,0.013,True,2.5855156423610124170509680238
