StopLoss,StopProfit,StartProfit,OpenCriteria,FollowTrend,Result
0.017,0.07,0.137,0.013,False,3.0894646038447699467201745779
0.017,0.05,0.121,0.013,True,3.0167626900054839596713506465
0.017,0.07,0.138,0.008,False,2.9766058934765574411711585287
0.017,0.07,0.139,0.008,False,2.9766058934765574411711585287
