StopLoss,StopProfit,StartProfit,OpenCriteria,FollowTrend,Result
0.033,0.25,0.078,0.021,True,2.4271681947733153065656625932
0.034,0.28,0.078,0.001,False,2.4214727427302871155412078507
0.034,0.28,0.075,0.021,True,2.4048631679565739480245584065
0.034,0.28,0.076,0.021,True,2.4048631679565739480245584065
0.034,0.28,0.077,0.021,True,2.4048631679565739480245584065
0.034,0.28,0.078,0.021,True,2.4048631679565739480245584065
