StopLoss,StopProfit,StartProfit,OpenCriteria,FollowTrend,Result
0.022,0.08,0.107,0.008,True,2.9966755532598689375858706502
0.019,0.05,0.115,0.005,True,2.9759004538455678057925656881
0.017,0.04,0.119,0.007,True,2.9623771096451617930020819707
