StopLoss,StopProfit,StartProfit,OpenCriteria,FollowTrend,Result
0.006,0.21,0.114,0.005,True,2.5347095682664886884436918367
0.006,0.21,0.115,0.005,True,2.5347095682664886884436918367
0.006,0.21,0.116,0.005,True,2.5347095682664886884436918367
0.006,0.21,0.117,0.005,True,2.5347095682664886884436918367
0.006,0.21,0.118,0.005,True,2.5347095682664886884436918367
0.001,0.20,0.116,0.001,False,2.5322608456916589970568714842
0.033,0.18,0.115,0.001,False,2.5140405896878127356619901480
0.033,0.18,0.116,0.001,False,2.5140405896878127356619901480
0.033,0.18,0.117,0.001,False,2.5140405896878127356619901480
