StopLoss,StopProfit,StartProfit,OpenCriteria,FollowTrend,Result
0.001,0.05,0.121,0.009,True,3.0004763264061043699915913268
0.001,0.05,0.122,0.008,True,2.8659217140689994747264678765
0.020,0.01,0.157,0.018,True,2.8629779180739980688259760671
