StopLoss,StopProfit,StartProfit,OpenCriteria,FollowTrend,Result
0.018,0.04,0.118,0.004,True,3.1079219859595396101187419451
0.018,0.04,0.118,0.005,True,3.0823470719235243437617724230
0.023,0.04,0.118,0.004,True,3.0529970937298576117337198369
