StopLoss,StopProfit,StartProfit,OpenCriteria,FollowTrend,Result
0.036,0.26,0.096,0.014,True,2.4672976643779351641752163530
0.036,0.26,0.097,0.014,True,2.4672976643779351641752163530
0.036,0.26,0.096,0.016,True,2.4671867754263888341094113716
0.036,0.26,0.097,0.016,True,2.4671867754263888341094113716
0.036,0.26,0.096,0.015,True,2.4671386968130251875818348618
0.036,0.26,0.097,0.015,True,2.4671386968130251875818348618
