StopLoss,StopProfit,StartProfit,OpenCriteria,FollowTrend,Result
0.019,0.05,0.115,0.005,True,3.0996990925576892421636343792
0.017,0.04,0.119,0.007,True,3.0812130745410440945716896534
0.024,0.06,0.110,0.010,True,3.0693661356939517332756750350
