StopLoss,StopProfit,StartProfit,OpenCriteria,FollowTrend,Result
0.007,0.03,0.070,0.013,True,2.7914496561133752216908094935
0.007,0.01,0.070,0.013,True,2.6811001559795468506574578595
0.013,0.12,0.063,0.008,True,2.6685315718752013685657432742
