StopLoss,StopProfit,StartProfit,OpenCriteria,FollowTrend,Result
0.006,0.04,0.130,0.001,True,3.1922046820947354267332369492
0.006,0.04,0.128,0.001,True,3.1749270223686796396472844222
0.006,0.04,0.129,0.001,True,3.1749270223686796396472844222
0.006,0.05,0.128,0.001,True,3.0856094107483418334981587839
0.006,0.05,0.129,0.001,True,3.0856094107483418334981587839
0.006,0.05,0.130,0.001,True,3.0856094107483418334981587839
