StopLoss,StopProfit,StartProfit,OpenCriteria,FollowTrend,Result
0.010,0.03,0.1,0.005,True,2.9875842946466884518773901608
0.010,0.03,0.1,0.004,True,2.9201428333987250037154218992
0.025,0.07,0.104,0.015,True,2.8497128694326817485015229626
