StopLoss,StopProfit,StartProfit,OpenCriteria,FollowTrend,Result
0.002,0.03,0.119,0.009,True,2.8846663991967774598548349800
0.023,0.02,0.119,0.004,True,2.8182531445042754332608276195
0.023,0.02,0.120,0.004,True,2.8182531445042754332608276195
0.001,0.04,0.119,0.004,False,2.8121405614420021947003687971
