StopLoss,StopProfit,StartProfit,OpenCriteria,FollowTrend,Result
0.010,0.03,0.1,0.005,True,2.9901132864460201977152697154
0.010,0.03,0.1,0.004,True,2.9206458159236613472564529044
0.010,0.03,0.1,0.003,True,2.8693745913539875970009485670
