StopLoss,StopProfit,StartProfit,OpenCriteria,FollowTrend,Result
0.024,0.06,0.110,0.010,True,3.1327807649373427020401012791
0.022,0.05,0.117,0.005,False,3.1260204853882549214104971575
0.017,0.04,0.119,0.007,True,3.1237469158782015202410914646
