StopLoss,StopProfit,StartProfit,OpenCriteria,FollowTrend,Result
0.002,0.10,0.099,0.006,False,2.7991545881813037667941648749
0.018,0.14,0.097,0.005,True,2.6764963298424401689454303543
0.002,0.10,0.098,0.006,False,2.6409072501947800128101137170
