StopLoss,StopProfit,StartProfit,OpenCriteria,FollowTrend,Result
0.036,0.26,0.096,0.014,True,2.4612171078683000460465072820
0.036,0.26,0.097,0.014,True,2.4612171078683000460465072820
0.036,0.26,0.096,0.015,True,2.4597081453898326660786802182
0.036,0.26,0.097,0.015,True,2.4597081453898326660786802182
0.036,0.26,0.096,0.016,True,2.4578184579773202703304097476
0.036,0.26,0.097,0.016,True,2.4578184579773202703304097476
