StopLoss,StopProfit,StartProfit,OpenCriteria,FollowTrend,Result
0.001,0.05,0.120,0.009,True,2.9708152888664237178911971640
0.001,0.06,0.119,0.009,True,2.9245454192334378720474488046
0.001,0.05,0.119,0.009,True,2.9057305272642010106387539310
