StopLoss,StopProfit,StartProfit,OpenCriteria,FollowTrend,Result
0.024,0.01,0.154,0.018,True,2.7888741592250043943087426482
0.028,0.01,0.152,0.022,True,2.7744592862947019050392651447
0.028,0.01,0.152,0.021,True,2.7694177341630031936630063713
