StopLoss,StopProfit,StartProfit,OpenCriteria,FollowTrend,Result
0.005,0.20,0.099,0.002,False,2.4555695421328716820178453742
0.005,0.19,0.099,0.001,False,2.4455100694399480790646647529
0.005,0.19,0.099,0.002,False,2.4281493673413832398455599983
