StopLoss,StopProfit,StartProfit,OpenCriteria,FollowTrend,Result
0.006,0.15,0.058,0.008,True,2.6412912097167004007912567818
0.003,0.03,0.079,0.007,True,2.5495561626606643857186423611
0.005,0.12,0.076,0.011,True,2.5318315026129909952370275863
