StopLoss,StopProfit,StartProfit,OpenCriteria,FollowTrend,Result
0.024,0.06,0.110,0.010,True,3.1447656202081759898576828852
0.023,0.05,0.117,0.005,False,3.0735837794226504498653502932
0.017,0.04,0.119,0.007,True,3.0670281455371635422128695194
