StopLoss,StopProfit,StartProfit,OpenCriteria,FollowTrend,Result
0.019,0.05,0.115,0.005,True,3.0732049565734760978429948939
0.017,0.04,0.119,0.007,True,3.0520322387680295506074250188
0.024,0.06,0.110,0.010,True,3.0449547818481815086348396341
