StopLoss,StopProfit,StartProfit,OpenCriteria,FollowTrend,Result
0.011,0.03,0.099,0.005,True,2.9135339812252123937348561163
0.011,0.03,0.099,0.004,True,2.9001090032411904821664921008
0.003,0.02,0.084,0.008,True,2.8692470086386888359421626626
