StopLoss,StopProfit,StartProfit,OpenCriteria,FollowTrend,Result
0.018,0.08,0.137,0.006,False,3.0530951525934880491237448915
0.018,0.08,0.138,0.006,False,3.0136727056411785923921862996
0.017,0.05,0.121,0.013,True,2.9935887065364027237866016400
