StopLoss,StopProfit,StartProfit,OpenCriteria,FollowTrend,Result
0.017,0.05,0.121,0.013,True,3.0059056133419642722723621493
0.018,0.08,0.136,0.006,False,2.9979515399969345180916808791
0.018,0.08,0.137,0.006,False,2.9694110791639099791744452438
