StopLoss,StopProfit,StartProfit,OpenCriteria,FollowTrend,Result
0.008,0.06,0.112,0.007,True,2.8796283685530021774449415052
0.008,0.06,0.113,0.007,True,2.8519104370256459276879716430
0.008,0.05,0.112,0.007,True,2.8376248512327104427376311174
