StopLoss,StopProfit,StartProfit,OpenCriteria,FollowTrend,Result
0.025,0.13,0.054,0.012,True,2.6383828477921784289720612563
0.005,0.12,0.076,0.011,True,2.5981548568520493927273983810
0.025,0.13,0.054,0.013,True,2.5945355580488673971760425849
