StopLoss,StopProfit,StartProfit,OpenCriteria,FollowTrend,Result
0.003,0.01,0.093,0.008,True,2.9803883343776128265358846477
0.003,0.02,0.084,0.008,True,2.9218742162757472863963510215
0.003,0.02,0.090,0.008,True,2.8505031786147898616643775416
