StopLoss,StopProfit,StartProfit,OpenCriteria,FollowTrend,Result
0.004,0.04,0.128,0.004,True,3.1823265259286900029736123783
0.004,0.04,0.129,0.004,True,3.1823265259286900029736123783
0.006,0.04,0.130,0.001,True,3.1617311237766439094626429258
0.006,0.04,0.128,0.001,True,3.1444534640505881223766903988
0.006,0.04,0.129,0.001,True,3.1444534640505881223766903988
