StopLoss,StopProfit,StartProfit,OpenCriteria,FollowTrend,Result
0.010,0.03,0.1,0.005,True,2.8883443748713350635447282685
0.010,0.03,0.1,0.004,True,2.8188333031152931737911980614
0.002,0.02,0.112,0.008,True,2.7758868328169061853037158295
