StopLoss,StopProfit,StartProfit,OpenCriteria,FollowTrend,Result
0.017,0.07,0.137,0.013,False,3.0692742510531304104366372504
0.017,0.07,0.138,0.008,False,2.9464194140655255602215137838
0.017,0.07,0.139,0.008,False,2.9464194140655255602215137838
0.017,0.07,0.137,0.008,False,2.9427524057703889949539388059
