StopLoss,StopProfit,StartProfit,OpenCriteria,FollowTrend,Result
0.017,0.05,0.121,0.013,True,3.0448187313306989656228765659
0.017,0.07,0.137,0.013,False,2.9787250401439098154509254117
0.017,0.03,0.121,0.007,True,2.9294796893301119076122322297
