StopLoss,StopProfit,StartProfit,OpenCriteria,FollowTrend,Result
0.010,0.03,0.1,0.005,True,2.8491912574416271572065892165
0.010,0.03,0.1,0.004,True,2.7762317592295253053752153345
0.002,0.02,0.112,0.008,True,2.7445079564798310278659643351
