StopLoss,StopProfit,StartProfit,OpenCriteria,FollowTrend,Result
0.002,0.02,0.112,0.008,True,2.8869128435233954588189127426
0.010,0.03,0.1,0.005,True,2.8652563509506283669799963795
0.002,0.02,0.111,0.008,True,2.8251314533721667806719596284
