StopLoss,StopProfit,StartProfit,OpenCriteria,FollowTrend,Result
0.018,0.08,0.136,0.006,False,3.1529086552504078024479096941
0.018,0.08,0.137,0.006,False,3.1186778317355613770702682854
0.018,0.08,0.138,0.006,False,3.0792553847832519203387096935
