StopLoss,StopProfit,StartProfit,OpenCriteria,FollowTrend,Result
0.004,0.05,0.133,0.004,True,3.0138993879984852854678836729
0.018,0.01,0.148,0.010,True,2.9545037368719722177447431613
0.004,0.05,0.129,0.001,True,2.9449215934689746659000359753
