StopLoss,StopProfit,StartProfit,OpenCriteria,FollowTrend,Result
0.010,0.03,0.1,0.005,True,3.0227163680707954618947012225
0.010,0.03,0.1,0.004,True,2.9553552990602561752293707303
0.009,0.07,0.101,0.004,False,2.8227270782263996536925025755
