StopLoss,StopProfit,StartProfit,OpenCriteria,FollowTrend,Result
0.018,0.08,0.136,0.006,False,3.1332961247271428645436417728
0.017,0.05,0.121,0.013,True,3.1166255575649958043328078605
0.018,0.08,0.137,0.006,False,3.0802630541142197225700957679
