StopLoss,StopProfit,StartProfit,OpenCriteria,FollowTrend,Result
0.004,0.04,0.128,0.004,True,3.1747144393287408043129318402
0.004,0.04,0.129,0.004,True,3.1747144393287408043129318402
0.006,0.04,0.130,0.001,True,3.1316342923931304284154401132
0.006,0.04,0.128,0.001,True,3.1143566326670746413294875862
0.006,0.04,0.129,0.001,True,3.1143566326670746413294875862
