StopLoss,StopProfit,StartProfit,OpenCriteria,FollowTrend,Result
0.019,0.05,0.115,0.005,True,3.1069371134462884326925191584
0.017,0.04,0.119,0.007,True,3.0903557553059334812588440903
0.024,0.06,0.110,0.010,True,3.0684615919589258831642883762
