StopLoss,StopProfit,StartProfit,OpenCriteria,FollowTrend,Result
0.017,0.04,0.119,0.007,True,3.1631659615971802135104521812
0.022,0.05,0.117,0.005,False,3.1380480995550774914926981809
0.024,0.06,0.110,0.010,True,3.1097337730187554527135523416
