StopLoss,StopProfit,StartProfit,OpenCriteria,FollowTrend,Result
0.018,0.08,0.136,0.006,False,3.1846314362998431612795468173
0.018,0.08,0.137,0.006,False,3.1310856158063466320883096340
0.018,0.08,0.138,0.006,False,3.0916631688540371753567510421
