StopLoss,StopProfit,StartProfit,OpenCriteria,FollowTrend,Result
0.017,0.12,0.088,0.002,False,2.7542492667415221426213130262
0.017,0.13,0.088,0.001,False,2.7537672402968746455012178730
0.017,0.12,0.087,0.002,False,2.7519771471040786490313274885
