StopLoss,StopProfit,StartProfit,OpenCriteria,FollowTrend,Result
0.018,0.08,0.136,0.006,False,3.1296387851990327646721466237
0.018,0.08,0.137,0.006,False,3.0956308398169741277437193479
0.018,0.08,0.138,0.006,False,3.0562083928646646710121607560
