StopLoss,StopProfit,StartProfit,OpenCriteria,FollowTrend,Result
0.004,0.04,0.128,0.004,True,2.9597843873034456711271442212
0.004,0.04,0.129,0.004,True,2.9597843873034456711271442212
0.006,0.04,0.130,0.001,True,2.9379661629111712928036451456
0.006,0.04,0.128,0.001,True,2.9206885031851155057176926186
0.006,0.04,0.129,0.001,True,2.9206885031851155057176926186
