StopLoss,StopProfit,StartProfit,OpenCriteria,FollowTrend,Result
0.008,0.05,0.070,0.013,True,2.6675034601061513686567579320
0.008,0.05,0.074,0.013,True,2.6483973364244525486737464359
0.008,0.04,0.070,0.013,True,2.6319235726986270902360254772
