StopLoss,StopProfit,StartProfit,OpenCriteria,FollowTrend,Result
0.016,0.01,0.068,0.027,False,1.3922222486566403233504259408
0.016,0.01,0.067,0.026,False,1.3577749588548177302717209487
0.016,0.01,0.068,0.026,False,1.3577749588548177302717209487
0.017,0.01,0.067,0.025,False,1.3552342513533791887394716088
