StopLoss,StopProfit,StartProfit,OpenCriteria,FollowTrend,Result
0.030,0.04,0.033,0.028,False,1.4835713066552884662781290107
0.030,0.03,0.033,0.028,False,1.4688389933722469877873935461
0.031,0.07,0.033,0.028,False,1.4597812670236632787421469627
