StopLoss,StopProfit,StartProfit,OpenCriteria,FollowTrend,Result
0.016,0.01,0.068,0.027,False,1.3773785966070365727924929926
0.016,0.01,0.067,0.026,False,1.3429313068052139797137880005
0.016,0.01,0.068,0.026,False,1.3429313068052139797137880005
0.017,0.01,0.066,0.025,False,1.3392812906416327997337153294
