StopLoss,StopProfit,StartProfit,OpenCriteria,FollowTrend,Result
0.020,0.01,0.067,0.025,False,1.5717347641690338743615591139
0.020,0.01,0.068,0.026,False,1.5421041516894811953673834093
0.020,0.01,0.067,0.026,False,1.5417677287828874039650921681
