StopLoss,StopProfit,StartProfit,OpenCriteria,FollowTrend,Result
0.030,0.04,0.033,0.028,False,1.4677056434664112924863957101
0.030,0.03,0.033,0.028,False,1.4517215765425013909185090060
0.031,0.07,0.033,0.028,False,1.4456823641783519609033825918
