StopLoss,StopProfit,StartProfit,OpenCriteria,FollowTrend,Result
0.033,0,0.058,0.027,False,1.3514543288686987656399676880
0.033,0,0.058,0.026,False,1.3454821527880234258915014858
0.029,0,0.066,0.036,True,1.3404532286001607958221930747
