StopLoss,StopProfit,StartProfit,OpenCriteria,FollowTrend,Result
0.002,0.05,0.112,0.019,True,1.4212539448443003290291492481
0.002,0.06,0.112,0.019,True,1.4165843272585445376584485859
0.002,0.07,0.112,0.019,True,1.4110424443790927383426359962
