StopLoss,StopProfit,StartProfit,OpenCriteria,FollowTrend,Result
0.001,0.05,0.037,0.002,False,1.4198115602137708688872557427
0.022,0.03,0.064,0.023,False,1.4121580415769071753363791232
0.022,0.03,0.065,0.023,False,1.4121580415769071753363791232
0.022,0.04,0.064,0.023,False,1.4084869054409576191285319535
0.022,0.04,0.065,0.023,False,1.4084869054409576191285319535
