StopLoss,StopProfit,StartProfit,OpenCriteria,FollowTrend,Result
0.022,0.03,0.065,0.023,False,1.6882886287102052511224058332
0.023,0.03,0.065,0.023,False,1.6446243702678914329283733544
0.023,0.04,0.064,0.023,False,1.6350108974477357969799614510
0.023,0.04,0.065,0.023,False,1.6350108974477357969799614510
