StopLoss,StopProfit,StartProfit,OpenCriteria,FollowTrend,Result
0.022,0.03,0.064,0.023,False,1.3125571613752511527309032297
0.022,0.03,0.065,0.023,False,1.3125571613752511527309032297
0.022,0.04,0.064,0.023,False,1.3088860252393015965230560600
0.022,0.04,0.065,0.023,False,1.3088860252393015965230560600
0.022,0.05,0.065,0.023,False,1.3054714634916974872497893696
