StopLoss,StopProfit,StartProfit,OpenCriteria,FollowTrend,Result
0.030,0.07,0.033,0.028,False,1.4740076860269300927684231827
0.030,0.08,0.033,0.028,False,1.4446344788241109415809027722
0.031,0.07,0.033,0.028,False,1.4358445465758399566173471693
