StopLoss,StopProfit,StartProfit,OpenCriteria,FollowTrend,Result
0.029,0.07,0.046,0.025,True,1.0490603055557177534482535835
0.029,0.07,0.046,0.024,True,1.0480208119759822704954296344
0.028,0.06,0.046,0.024,True,1.0474132539793550594775000685
