StopLoss,StopProfit,StartProfit,OpenCriteria,FollowTrend,Result
0.040,0.01,0.065,0.013,False,1.2470507771543214616229303182
0.040,0.01,0.066,0.013,False,1.2469325376670700156652944023
0.038,0.02,0.064,0.019,False,1.2450403277026240004521051337
