StopLoss,StopProfit,StartProfit,OpenCriteria,FollowTrend,Result
0.029,0.07,0.046,0.022,False,0.9779373310081407521539551265
0.029,0.07,0.046,0.021,False,0.9774424937918953194109271594
0.029,0.07,0.046,0.020,False,0.9771686818882532004353114688
