StopLoss,StopProfit,StartProfit,OpenCriteria,FollowTrend,Result
0.027,0,0.135,0.026,True,1.4412791073344375950168597879
0.028,0,0.134,0.027,True,1.4313037001289843049462645921
0.013,0.01,0.134,0.016,True,1.4301519950175768370028560898
