StopLoss,StopProfit,StartProfit,OpenCriteria,FollowTrend,Result
0.001,0.05,0.037,0.002,False,1.4504632641351477923177938624
0.001,0.06,0.037,0.002,False,1.4336679068093610038055123508
0.022,0.03,0.064,0.023,False,1.3850797790545075648692414913
0.022,0.03,0.065,0.023,False,1.3850797790545075648692414913
