StopLoss,StopProfit,StartProfit,OpenCriteria,FollowTrend,Result
0.027,0.05,0.160,0.027,False,0.9344455873741723514865801344
0.027,0.05,0.160,0.026,False,0.9319543929815281326445712795
0.027,0.05,0.160,0.025,False,0.9299085379127710898918216547
