StopLoss,StopProfit,StartProfit,OpenCriteria,FollowTrend,Result
0.024,0.08,0.144,0.017,False,1.7122846935115380717715883656
0.024,0.09,0.144,0.017,False,1.6890030384207742384189893656
0.025,0.08,0.143,0.016,False,1.6762393012715020433966941500
0.025,0.09,0.143,0.016,False,1.6512503078924837308541597022
0.024,0.07,0.137,0.017,False,1.6383259460995471818588328546
0.024,0.07,0.138,0.017,False,1.6383259460995471818588328546
