StopLoss,StopProfit,StartProfit,OpenCriteria,FollowTrend,Result
0.009,0.01,0.050,0.018,False,1.6181080995616168893558610537
0.009,0,0.050,0.018,False,1.5504668698026447388879002199
