StopLoss,StopProfit,StartProfit,OpenCriteria,FollowTrend,Result
0.035,0.02,0.101,0.023,False,1.7025680397502399173748671330
0.035,0.02,0.101,0.024,False,1.6998340948386666495873215354
0.035,0.03,0.101,0.023,False,1.6733613089942348974803550858
0.035,0.03,0.101,0.024,False,1.6706273640826616296928094882
