StopLoss,StopProfit,StartProfit,OpenCriteria,FollowTrend,Result
0.019,0.22,0.140,0.002,True,2.4528114231359239260534695161
0.019,0.22,0.137,0.002,True,2.4354941636356892616717772134
0.019,0.22,0.138,0.002,True,2.4354941636356892616717772134
0.019,0.22,0.139,0.002,True,2.4354941636356892616717772134
