StopLoss,StopProfit,StartProfit,OpenCriteria,FollowTrend,Result
0.004,0.25,0.193,0.005,False,2.6344730670974554425145431571
0.004,0.25,0.194,0.005,False,2.6344730670974554425145431571
0.004,0.25,0.195,0.005,False,2.6344730670974554425145431571
0.004,0.25,0.197,0.005,False,2.6344730670974554425145431571
0.004,0.25,0.196,0.005,False,2.6344730670974554425145431571
0.004,0.25,0.192,0.005,False,2.4427453531825777824115670953
