StopLoss,StopProfit,StartProfit,OpenCriteria,FollowTrend,Result
0.014,0.05,0.150,0.006,True,2.8372808556690198107719349012
0.014,0.05,0.149,0.006,True,2.6305671670046028369194498710
0.014,0.05,0.151,0.006,True,2.5695530048055771380132890181
0.014,0.05,0.152,0.006,True,2.5517171179265350440390810281
0.014,0.05,0.153,0.006,True,2.5238948055026044575113378084
0.014,0.05,0.155,0.006,True,2.5238948055026044575113378084
0.014,0.05,0.154,0.006,True,2.5238948055026044575113378084
0.014,0.05,0.156,0.006,True,2.5238295190381310077419287165
0.014,0.05,0.157,0.006,True,2.5238295190381310077419287165
