StopLoss,StopProfit,StartProfit,OpenCriteria,FollowTrend,Result
0.006,0,0.197,0.009,False,2.7161997528619709812571266434
0.006,0,0.198,0.009,False,2.7161997528619709812571266434
0.006,0,0.200,0.009,False,2.6758332467020368191240072577
0.006,0,0.199,0.009,False,2.6637004342191594714334058724
0.006,0.01,0.200,0.009,False,2.6533078766498442048634442998
