StopLoss,StopProfit,StartProfit,OpenCriteria,FollowTrend,Result
0.018,0.10,0.180,0.011,False,2.5965469670186299457464041207
0.018,0.10,0.182,0.011,False,2.5965469670186299457464041207
0.018,0.10,0.181,0.011,False,2.5965469670186299457464041207
0.018,0.10,0.183,0.011,False,2.5143413035604179225630089998
0.019,0.06,0.184,0.012,False,2.5080461171928428599577455748
0.019,0.06,0.182,0.012,False,2.5079590997754132429332614101
0.019,0.06,0.183,0.012,False,2.5079590997754132429332614101
