StopLoss,StopProfit,StartProfit,OpenCriteria,FollowTrend,Result
0,0.03,0.192,0.016,False,2.8301116021557689648038670077
0,0.03,0.193,0.016,False,2.8301116021557689648038670077
0,0.03,0.194,0.016,False,2.8301116021557689648038670077
0,0.03,0.191,0.016,False,2.8279634109006817290978646330
