StopLoss,StopProfit,StartProfit,OpenCriteria,FollowTrend,Result
0.003,0.24,0.047,0.012,False,1.3790337850690252055068950901
0.003,0.24,0.049,0.012,False,1.3395383677164251501771029681
0.003,0.24,0.048,0.012,False,1.2200898709974057640518462186
0.003,0.24,0.046,0.012,False,1.1732315273542388397794868030
