StopLoss,StopProfit,StartProfit,OpenCriteria,FollowTrend,Result
0.034,0.03,0.096,0.020,False,1.5546176597802170623294232264
0.034,0.04,0.096,0.020,False,1.5457073162085964780967673659
0.034,0.11,0.093,0.020,False,1.5373594208950940417860969435
