StopLoss,StopProfit,StartProfit,OpenCriteria,FollowTrend,Result
0.016,0.09,0.192,0.004,False,3.6077428291556403553485819474
0.016,0.09,0.193,0.004,False,3.6077428291556403553485819474
0.006,0.13,0.166,0.005,False,3.5629468286258225775776842419
