StopLoss,StopProfit,StartProfit,OpenCriteria,FollowTrend,Result
0.019,0.16,0.080,0.021,False,3.8199650145537315191727207138
0.019,0.16,0.079,0.021,False,3.7204237085100108843582296450
0.019,0.15,0.080,0.021,False,3.6393902327774794655861110393
0.019,0.15,0.079,0.021,False,3.6393902327774794655861110393
0.019,0.17,0.080,0.021,False,3.5545455510810803839461977999
0.019,0.17,0.079,0.021,False,3.5545455510810803839461977999
