StopLoss,StopProfit,StartProfit,OpenCriteria,FollowTrend,Result
0.021,0.10,0.114,0.025,False,3.7985692400717135653334898601
0.021,0.08,0.114,0.025,False,3.7444011770319374322530173746
0.022,0.08,0.114,0.025,False,3.7442643927419815425484225998
0.022,0.10,0.114,0.025,False,3.7176535108775065933877184654
