StopLoss,StopProfit,StartProfit,OpenCriteria,FollowTrend,Result
0.017,0.18,0.139,0.025,False,3.9238171902688918493626192699
0.019,0.07,0.127,0.024,False,3.7113634016496528919534633427
0.019,0.06,0.127,0.024,False,3.6583479014091725099611066301
